46980.0,0.298,-14.738,5.64,46980.0,-1.646,0.312,1.672
46990.0,-0.768,-13.626,5.29,46990.0,-0.94,0.216,1.824
47000.0,-2.23,-12.194,5.004,47000.0,-0.338,0.1,1.95
47010.0,-3.632,-10.04,4.602,47010.0,-0.328,0.008,2.004
47020.0,-4.698,-6.912,3.95,47020.0,-0.714,-0.072,1.97
47030.0,-5.26,-3.634,3.386,47030.0,-1.306,-0.088,1.788
47040.0,-5.122,-2.206,2.998,47040.0,-2.304,-0.008,1.522
47050.0,-4.406,-3.24,2.352,47050.0,-3.634,0.088,1.316
47060.0,-3.632,-5.326,0.444,47060.0,-4.448,0.17,1.11
47070.0,-3.1,-8.376,-1.668,47070.0,-4.362,0.192,0.884
47080.0,-2.46,-12.032,-2.66,47080.0,-3.642,0.132,0.768
47090.0,-1.81,-14.31,-3.096,47090.0,-2.554,0.034,0.738
47100.0,-1.392,-13.954,-2.89,47100.0,-1.644,-0.092,0.69
47110.0,-0.936,-11.642,-1.528,47110.0,-1.302,-0.15,0.63
47120.0,-0.7,-8.666,-0.372,47120.0,-1.512,-0.07,0.506
47130.0,-1.156,-6.448,0.202,47130.0,-2.224,0.118,0.302
47140.0,-1.998,-5.742,-0.264,47140.0,-3.056,0.286,0.14
47150.0,-2.894,-6.62,-1.422,47150.0,-3.412,0.324,0.03
47160.0,-3.304,-8.698,-2.0,47160.0,-3.214,0.262,-0.014
47170.0,-2.674,-10.096,-2.232,47170.0,-2.726,0.26,0.014
47180.0,-1.97,-9.7,-2.052,47180.0,-2.326,0.418,0.056
47190.0,-2.116,-7.608,-1.738,47190.0,-2.356,0.726,0.03
47200.0,-3.22,-5.114,-2.156,47200.0,-2.768,1.026,-0.034
47210.0,-4.502,-3.63,-4.964,47210.0,-3.204,1.098,-0.112
47220.0,-5.256,-4.534,-7.646,47220.0,-3.792,0.826,-0.146
47230.0,-4.32,-6.514,-8.636,47230.0,-4.262,0.514,-0.122
47240.0,-1.868,-7.884,-10.49,47240.0,-4.216,0.426,-0.202
47250.0,0.742,-9.702,-12.772,47250.0,-3.928,0.3,-0.378
47260.0,3.074,-11.032,-14.194,47260.0,-3.422,0.11,-0.516
47270.0,4.862,-10.866,-13.324,47270.0,-3.038,-0.056,-0.608
47280.0,6.17,-9.864,-9.83,47280.0,-2.808,-0.104,-0.632
47290.0,6.22,-8.066,-7.528,47290.0,-2.644,0.072,-0.724
47300.0,4.088,-6.308,-7.206,47300.0,-2.928,-0.008,-0.918
47310.0,2.246,-6.158,-7.344,47310.0,-3.486,-0.626,-1.116
47320.0,3.218,-9.082,-6.126,47320.0,-3.804,-0.94,-1.298
47330.0,5.558,-13.58,-3.714,47330.0,-3.844,-0.726,-1.526
47340.0,9.24,-17.892,-3.142,47340.0,-3.84,-0.524,-1.624
47350.0,13.786,-23.742,-5.278,47350.0,-4.026,-0.328,-1.498
47360.0,16.634,-30.75,-10.024,47360.0,-3.77,-0.41,-0.93
47370.0,17.536,-34.302,-18.098,47370.0,-1.598,-1.146,0.1
47380.0,16.822,-31.208,-27.622,47380.0,-0.022,-2.826,0.842
47390.0,19.77,-22.666,-29.872,47390.0,-1.792,-4.806,1.838
47400.0,25.42,-9.356,-25.408,47400.0,-3.518,-5.852,2.36
47410.0,31.872,-5.812,-19.004,47410.0,-4.866,-6.136,2.32
47420.0,32.292,-10.072,-13.97,47420.0,-4.276,-6.662,1.782
47430.0,32.51,-10.898,-9.328,47430.0,-0.736,-6.79,1.234
47440.0,33.816,-8.458,-5.818,47440.0,2.726,-6.394,0.714
47450.0,32.59,-3.198,-8.164,47450.0,4.606,-5.666,-0.246
47460.0,32.344,-0.906,-13.324,47460.0,10.668,-4.916,-0.49
47470.0,20.376,-24.176,-4.768,47470.0,9.54,-5.556,0.122
47480.0,21.118,0.906,-10.464,47480.0,14.102,-5.326,0.568
47490.0,23.624,9.546,9.524,47490.0,6.328,-4.236,1.302
47500.0,28.596,24.986,19.258,47500.0,2.686,-1.998,0.874
47510.0,22.448,5.66,18.694,47510.0,-0.966,-0.964,0.826
47520.0,15.876,6.464,8.57,47520.0,-1.604,-0.504,0.538
47530.0,12.324,1.112,4.148,47530.0,-1.892,-0.482,0.248
47540.0,11.2,4.244,2.238,47540.0,-1.132,-0.596,-0.206
47550.0,10.552,6.51,5.182,47550.0,-1.094,-0.588,-0.592
47560.0,11.084,12.096,10.038,47560.0,-0.758,-0.274,-1.224
47570.0,10.892,9.136,13.446,47570.0,-0.312,0.104,-1.78
47580.0,10.394,6.576,13.492,47580.0,0.876,0.404,-2.16
47590.0,11.36,2.542,12.542,47590.0,1.726,0.572,-2.34
47600.0,11.26,3.41,8.678,47600.0,2.424,0.536,-2.486
47610.0,11.564,1.0,7.042,47610.0,2.614,0.46,-2.424
47620.0,13.47,-0.676,6.664,47620.0,2.514,0.348,-2.168
47630.0,14.982,1.76,2.61,47630.0,1.544,0.226,-1.902
47640.0,15.842,1.958,-1.72,47640.0,0.728,0.048,-1.67
47650.0,16.628,-3.58,-5.194,47650.0,0.366,-0.192,-1.482
47660.0,17.648,-7.878,-9.35,47660.0,0.688,-0.426,-1.294
47670.0,18.452,-12.806,-11.868,47670.0,1.206,-0.708,-1.12
47680.0,18.898,-15.116,-13.4,47680.0,2.456,-0.978,-1.28
47690.0,18.142,-14.066,-13.274,47690.0,3.462,-1.134,-1.59
47700.0,15.794,-11.952,-10.274,47700.0,3.786,-1.118,-1.962
47710.0,13.18,-11.688,-7.136,47710.0,3.954,-1.088,-2.368
47720.0,11.934,-13.478,-4.624,47720.0,4.226,-1.056,-2.544
47730.0,11.546,-13.614,-2.09,47730.0,4.088,-1.036,-2.488
47740.0,11.736,-11.122,0.698,47740.0,2.954,-0.926,-2.358
47750.0,12.384,-7.94,3.64,47750.0,1.18,-0.686,-2.304
47760.0,13.226,-7.022,5.27,47760.0,-0.898,-0.376,-2.288
47770.0,14.182,-8.57,5.628,47770.0,-2.726,0.196,-2.298
47780.0,13.048,-11.104,4.202,47780.0,-3.648,0.854,-2.44
47790.0,10.01,-13.662,0.268,47790.0,-3.616,1.29,-2.654
47800.0,8.618,-16.75,-3.696,47800.0,-2.878,1.514,-2.746
47810.0,9.372,-20.004,-6.412,47810.0,-1.646,1.59,-2.758
47820.0,10.764,-22.172,-7.298,47820.0,-0.29,1.57,-2.742
47830.0,11.15,-21.302,-7.6,47830.0,0.954,1.454,-2.736
47840.0,9.786,-17.15,-7.11,47840.0,1.878,1.25,-2.81
47850.0,7.852,-11.968,-4.478,47850.0,2.118,1.024,-2.914
47860.0,6.172,-7.722,-1.316,47860.0,1.656,0.948,-2.996
47870.0,5.018,-5.832,1.236,47870.0,0.676,1.0,-2.99
47880.0,4.614,-5.988,2.352,47880.0,-0.492,1.118,-2.878
47890.0,5.006,-6.714,1.884,47890.0,-1.37,1.246,-2.76
47900.0,5.642,-7.556,0.55,47900.0,-1.812,1.314,-2.688
47910.0,6.068,-8.486,-1.062,47910.0,-1.932,1.286,-2.63
47920.0,6.012,-9.346,-2.236,47920.0,-1.764,1.206,-2.598
47930.0,5.386,-9.918,-3.078,47930.0,-1.352,1.088,-2.568
47940.0,4.33,-10.334,-3.636,47940.0,-0.798,0.904,-2.518
47950.0,3.368,-10.998,-3.826,47950.0,-0.324,0.65,-2.424
47960.0,3.1,-11.82,-3.304,47960.0,-0.144,0.41,-2.222
47970.0,3.902,-12.628,-2.118,47970.0,-0.082,0.266,-1.872
47980.0,5.378,-13.196,-1.414,47980.0,0.226,0.22,-1.488
47990.0,6.722,-13.758,-0.926,47990.0,0.65,0.236,-1.196
48000.0,7.524,-13.798,0.372,48000.0,0.832,0.242,-0.976
48010.0,7.726,-12.076,1.648,48010.0,0.744,0.238,-0.706
48020.0,7.364,-9.352,2.37,48020.0,0.272,0.282,-0.454
48030.0,6.996,-6.836,2.45,48030.0,-0.482,0.446,-0.362
48040.0,6.846,-5.656,3.256,48040.0,-1.314,0.754,-0.36
48050.0,6.23,-5.666,3.812,48050.0,-1.776,1.126,-0.384
48060.0,4.496,-6.078,2.676,48060.0,-1.882,1.384,-0.492
48070.0,2.856,-6.374,1.182,48070.0,-1.862,1.45,-0.61
48080.0,2.596,-7.138,-0.94,48080.0,-1.69,1.46,-0.662
48090.0,3.21,-9.65,-1.118,48090.0,-1.74,1.482,-0.694
48100.0,4.094,-11.16,-0.986,48100.0,-1.654,1.542,-0.872
48110.0,4.824,-10.582,-2.09,48110.0,-1.02,1.626,-1.236
48120.0,5.328,-10.308,-2.328,48120.0,-0.446,1.662,-1.55
48130.0,5.824,-10.538,-2.36,48130.0,-0.124,1.66,-1.714
48140.0,6.056,-9.9,-2.596,48140.0,0.148,1.63,-1.936
48150.0,6.328,-8.912,-3.052,48150.0,0.382,1.592,-2.142
48160.0,6.526,-8.226,-3.24,48160.0,0.436,1.55,-2.232
48170.0,6.37,-7.822,-3.184,48170.0,0.434,1.458,-2.258
48180.0,6.112,-7.852,-2.882,48180.0,0.466,1.356,-2.206
48190.0,5.88,-8.164,-2.314,48190.0,0.498,1.28,-2.076
48200.0,5.578,-8.194,-1.816,48200.0,0.554,1.22,-1.894
48210.0,5.06,-7.884,-1.41,48210.0,0.592,1.156,-1.682
48220.0,4.436,-7.348,-1.242,48220.0,0.556,1.082,-1.442
