10730.0,7.922,-4.906,1.114,10730.0,-1.116,0.662,-0.152
10740.0,7.866,-5.208,1.008,10740.0,-1.032,0.59,-0.146
10750.0,7.864,-4.976,1.016,10750.0,-0.954,0.546,-0.128
10760.0,8.036,-4.392,0.66,10760.0,-0.896,0.498,-0.126
10770.0,8.376,-4.248,0.454,10770.0,-0.88,0.452,-0.124
10780.0,8.494,-4.408,0.336,10780.0,-0.88,0.46,-0.108
10790.0,8.442,-4.86,0.06,10790.0,-0.918,0.464,-0.086
10800.0,8.25,-5.31,0.168,10800.0,-0.992,0.45,-0.038
10810.0,8.104,-5.342,1.468,10810.0,-1.052,0.352,0.012
10820.0,8.296,-5.298,2.242,10820.0,-1.164,0.204,0.042
10830.0,8.192,-5.072,1.846,10830.0,-1.322,0.166,0.1
10840.0,7.75,-4.566,0.978,10840.0,-1.388,0.184,0.118
10850.0,7.698,-4.262,0.834,10850.0,-1.316,0.254,0.084
10860.0,7.776,-4.272,0.926,10860.0,-1.368,0.284,0.07
10870.0,7.906,-4.516,1.198,10870.0,-1.598,0.264,0.132
10880.0,8.168,-4.776,1.498,10880.0,-1.924,0.234,0.232
10890.0,8.22,-4.764,1.396,10890.0,-2.1,0.136,0.328
10900.0,7.894,-4.726,1.18,10900.0,-2.028,0.022,0.426
10910.0,7.27,-4.92,0.912,10910.0,-1.774,-0.058,0.486
10920.0,6.58,-5.23,0.742,10920.0,-1.524,-0.06,0.498
10930.0,6.056,-5.538,0.538,10930.0,-1.448,-0.022,0.504
10940.0,5.808,-5.742,0.45,10940.0,-1.652,-0.024,0.546
10950.0,5.908,-5.864,0.42,10950.0,-2.128,-0.026,0.636
10960.0,6.362,-6.022,0.32,10960.0,-2.654,-0.064,0.718
10970.0,7.012,-6.026,0.416,10970.0,-2.96,-0.078,0.828
10980.0,7.76,-5.816,0.688,10980.0,-3.158,-0.134,0.992
10990.0,8.43,-5.526,0.864,10990.0,-3.26,-0.222,1.152
11000.0,8.888,-5.304,0.998,11000.0,-3.156,-0.17,1.214
11010.0,9.096,-5.128,1.048,11010.0,-3.026,-0.014,1.088
11020.0,9.008,-5.242,0.76,11020.0,-3.226,-0.144,0.796
11030.0,8.588,-5.806,0.69,11030.0,-3.404,-0.728,0.71
11040.0,7.74,-5.744,0.896,11040.0,-3.188,-1.578,0.952
11050.0,7.214,-5.032,1.154,11050.0,-2.688,-2.704,1.372
11060.0,7.164,-4.578,0.688,11060.0,-1.972,-4.044,1.834
11070.0,7.19,-5.064,0.176,11070.0,-1.052,-5.234,2.004
11080.0,7.124,-5.814,-0.038,11080.0,-0.506,-6.364,2.104
11090.0,6.976,-6.146,-0.292,11090.0,-0.104,-7.576,2.172
11100.0,6.752,-6.102,-0.672,11100.0,0.724,-8.588,2.356
11110.0,6.568,-6.08,-0.824,11110.0,1.992,-9.042,2.734
11120.0,6.55,-6.158,-0.924,11120.0,3.58,-9.282,3.094
11130.0,6.498,-6.208,-1.158,11130.0,4.67,-9.356,3.53
11140.0,6.492,-6.106,-1.094,11140.0,4.688,-9.54,4.092
11150.0,6.546,-5.958,-1.156,11150.0,3.386,-9.942,4.96
11160.0,6.444,-5.776,-1.366,11160.0,1.48,-10.292,5.682
11170.0,6.282,-5.806,-1.632,11170.0,0.182,-10.658,6.018
11180.0,6.118,-5.96,-2.078,11180.0,-0.966,-11.262,6.18
11190.0,6.1,-6.25,-2.074,11190.0,-1.3,-11.758,5.93
11200.0,6.652,-6.832,-1.646,11200.0,3.606,-9.55,4.774
11210.0,7.276,-6.912,-1.478,11210.0,4.422,-8.22,4.154
11220.0,7.762,-6.604,-1.762,11220.0,7.812,-8.522,3.986
11230.0,8.08,-6.566,-2.372,11230.0,13.396,-9.07,2.536
11240.0,8.346,-7.01,-2.624,11240.0,14.844,-5.958,3.638
11250.0,8.456,-7.634,-2.946,11250.0,9.798,-4.242,5.724
11260.0,8.578,-8.308,-3.396,11260.0,7.144,-5.23,4.888
11270.0,9.16,-9.316,-4.12,11270.0,4.994,-4.786,4.236
11280.0,9.998,-10.326,-4.756,11280.0,4.072,-3.718,4.378
11290.0,10.912,-10.874,-4.834,11290.0,4.378,-3.068,4.12
11300.0,11.744,-10.636,-4.768,11300.0,4.172,-2.638,3.828
11310.0,12.404,-10.08,-4.886,11310.0,3.284,-2.15,3.784
11320.0,12.978,-10.026,-5.176,11320.0,1.816,-1.686,3.786
11330.0,13.3,-10.69,-5.636,11330.0,0.286,-1.394,3.694
11340.0,13.654,-12.024,-6.682,11340.0,-0.86,-1.202,3.53
11350.0,14.198,-13.726,-8.116,11350.0,-1.544,-1.028,3.352
11360.0,15.358,-15.16,-9.986,11360.0,-1.72,-0.932,3.126
11370.0,17.444,-16.084,-11.744,11370.0,-1.568,-0.892,2.85
11380.0,18.85,-15.668,-14.096,11380.0,-1.43,-0.87,2.586
11390.0,17.37,-14.29,-17.0,11390.0,-1.298,-0.862,2.334
11400.0,15.056,-14.57,-19.776,11400.0,-1.254,-0.836,2.088
11410.0,14.988,-17.474,-23.348,11410.0,-1.334,-0.796,1.87
11420.0,16.682,-19.778,-27.798,11420.0,-1.45,-0.734,1.642
11430.0,19.652,-19.51,-30.768,11430.0,-1.544,-0.656,1.39
11440.0,23.034,-16.476,-32.126,11440.0,-1.618,-0.608,1.134
11450.0,25.344,-12.988,-31.078,11450.0,-1.586,-0.63,0.882
11460.0,26.5,-10.894,-29.632,11460.0,-1.426,-0.702,0.63
11470.0,28.762,-11.906,-26.146,11470.0,-1.112,-0.78,0.388
11480.0,32.528,-15.762,-20.84,11480.0,-0.7,-0.854,0.17
11490.0,34.132,-16.258,-15.73,11490.0,-0.272,-0.908,-0.026
11500.0,34.746,-14.258,-10.712,11500.0,0.116,-0.918,-0.22
11510.0,34.39,-10.67,-8.954,11510.0,0.394,-0.886,-0.408
11520.0,34.228,-7.382,-8.882,11520.0,0.542,-0.834,-0.598
11530.0,34.962,-5.72,-11.984,11530.0,0.51,-0.776,-0.796
11540.0,35.644,-8.56,-15.518,11540.0,0.296,-0.726,-0.98
11550.0,34.898,-17.052,-25.312,11550.0,0.074,-0.712,-1.152
11560.0,37.138,-14.74,-13.482,11560.0,-0.12,-0.728,-1.344
11570.0,39.226,-4.582,-7.932,11570.0,-0.322,-0.768,-1.536
11580.0,34.526,-11.756,-9.41,11580.0,-0.51,-0.802,-1.696
11590.0,27.194,-6.756,-13.274,11590.0,-0.614,-0.826,-1.824
11600.0,23.696,-11.332,-14.554,11600.0,-0.594,-0.864,-1.954
11610.0,29.718,-13.576,-10.034,11610.0,-0.452,-0.89,-2.09
11620.0,29.77,7.23,-9.268,11620.0,-0.228,-0.93,-2.258
11630.0,20.832,27.974,-4.044,11630.0,-0.122,-1.022,-2.436
11640.0,19.386,14.08,4.114,11640.0,0.042,-1.082,-2.598
11650.0,19.428,0.872,4.81,11650.0,0.282,-1.1,-2.814
11660.0,16.196,-0.264,3.456,11660.0,0.508,-1.09,-3.068
11670.0,13.882,0.152,4.926,11670.0,0.802,-1.028,-3.282
11680.0,13.308,2.33,6.284,11680.0,1.304,-1.056,-3.56
11690.0,12.62,4.65,6.964,11690.0,1.8,-1.082,-3.96
11700.0,11.328,5.56,6.778,11700.0,1.926,-1.036,-4.374
11710.0,9.732,4.978,6.56,11710.0,1.64,-1.036,-4.72
11720.0,8.142,3.554,6.128,11720.0,0.876,-1.234,-4.99
11730.0,6.412,2.774,5.572,11730.0,-0.55,-1.552,-5.14
11740.0,4.708,2.886,5.098,11740.0,-2.484,-1.808,-5.274
11750.0,3.404,3.068,5.346,11750.0,-3.174,-1.844,-5.708
11760.0,2.42,3.854,5.676,11760.0,-3.204,-2.124,-6.316
11770.0,1.828,4.672,5.74,11770.0,-3.89,-2.322,-6.336
11780.0,1.6,5.182,5.772,11780.0,-4.37,-2.216,-5.988
11790.0,1.42,5.614,5.802,11790.0,-4.078,-1.848,-5.952
11800.0,1.178,5.904,5.716,11800.0,-3.236,-1.422,-6.168
11810.0,0.832,5.836,5.466,11810.0,-2.654,-1.174,-6.148
11820.0,0.268,5.504,5.11,11820.0,-2.306,-1.268,-6.028
11830.0,-0.274,4.952,4.876,11830.0,-2.092,-1.522,-5.98
11840.0,-0.658,4.302,4.878,11840.0,-2.342,-1.666,-5.968
11850.0,-0.808,3.676,4.884,11850.0,-3.052,-1.628,-5.976
11860.0,-0.712,3.3,5.002,11860.0,-4.002,-1.388,-5.96
11870.0,-0.41,3.334,5.256,11870.0,-5.112,-0.89,-5.936
11880.0,0.046,3.68,5.526,11880.0,-6.032,-0.234,-5.944
11890.0,0.518,4.252,5.568,11890.0,-6.386,0.4,-5.916
11900.0,0.984,4.804,5.542,11900.0,-6.34,0.886,-5.78
11910.0,1.402,4.968,5.304,11910.0,-5.872,1.166,-5.532
11920.0,1.692,4.994,4.704,11920.0,-4.656,1.276,-5.27
11930.0,1.992,4.758,4.186,11930.0,-3.178,1.296,-5.082
11940.0,2.326,4.218,3.738,11940.0,-1.996,1.244,-4.862
11950.0,2.78,3.536,3.136,11950.0,-1.188,1.156,-4.596
11960.0,3.302,2.604,2.406,11960.0,-0.848,1.112,-4.316
11970.0,3.768,1.534,1.598,11970.0,-0.99,1.122,-3.998
