維度,動作,run,資料比例,train_subjects,train_samples,Scratch_acc,Transfer_acc
揮拍速度流暢度,挑球,1,10%,4,120,0.26301369863013696,0.18082191780821918
揮拍速度流暢度,挑球,1,20%,9,254,0.5315068493150685,0.2054794520547945
揮拍速度流暢度,挑球,1,30%,14,390,0.5041095890410959,0.3780821917808219
揮拍速度流暢度,挑球,1,40%,18,497,0.5616438356164384,0.4054794520547945
揮拍速度流暢度,挑球,1,50%,23,645,0.46301369863013697,0.5178082191780822
揮拍速度流暢度,挑球,2,10%,4,112,0.34794520547945207,0.18904109589041096
揮拍速度流暢度,挑球,2,20%,9,248,0.12054794520547946,0.5232876712328767
揮拍速度流暢度,挑球,2,30%,14,400,0.336986301369863,0.5315068493150685
揮拍速度流暢度,挑球,2,40%,18,516,0.3232876712328767,0.1863013698630137
揮拍速度流暢度,挑球,2,50%,23,668,0.33424657534246577,0.1232876712328767
揮拍速度流暢度,挑球,3,10%,4,122,0.2465753424657534,0.16712328767123288
揮拍速度流暢度,挑球,3,20%,9,254,0.3041095890410959,0.3150684931506849
揮拍速度流暢度,挑球,3,30%,14,406,0.4246575342465753,0.2958904109589041
揮拍速度流暢度,挑球,3,40%,18,522,0.4712328767123288,0.2219178082191781
揮拍速度流暢度,挑球,3,50%,23,658,0.38904109589041097,0.28493150684931506
揮拍速度流暢度,平推,1,10%,4,122,0.5135135135135135,0.06306306306306306
揮拍速度流暢度,平推,1,20%,9,273,0.5195195195195195,0.5015015015015015
揮拍速度流暢度,平推,1,30%,13,380,0.6036036036036037,0.7027027027027027
揮拍速度流暢度,平推,1,40%,18,536,0.6546546546546547,0.0990990990990991
揮拍速度流暢度,平推,1,50%,23,684,0.6186186186186187,0.45045045045045046
揮拍速度流暢度,平推,2,10%,4,122,0.3933933933933934,0.14714714714714713
揮拍速度流暢度,平推,2,20%,9,257,0.39039039039039036,0.22822822822822822
揮拍速度流暢度,平推,2,30%,13,381,0.38738738738738737,0.6486486486486487
揮拍速度流暢度,平推,2,40%,18,529,0.5375375375375375,0.23123123123123124
揮拍速度流暢度,平推,2,50%,23,680,0.5195195195195195,0.24024024024024024
揮拍速度流暢度,平推,3,10%,4,120,0.7567567567567568,0.13513513513513514
揮拍速度流暢度,平推,3,20%,9,274,0.6786786786786787,0.08708708708708708
揮拍速度流暢度,平推,3,30%,13,393,0.5975975975975976,0.7027027027027027
揮拍速度流暢度,平推,3,40%,18,539,0.6366366366366366,0.2222222222222222
揮拍速度流暢度,平推,3,50%,23,691,0.6156156156156156,0.2852852852852853
