維度,動作,資料比例,Scratch_mean,Scratch_std,Transfer_mean,Transfer_std,train_subjects,train_samples
擊球位置正確度,平推,10%,0.5125125125125125,0.2263302886795047,0.4684684684684684,0.0743508612801198,4.0,121.33333333333333
擊球位置正確度,平推,20%,0.4954954954954955,0.006006006006006016,0.2082082082082082,0.12419272217263401,9.0,268.0
擊球位置正確度,平推,30%,0.5835835835835835,0.007557391827097804,0.44044044044044045,0.09095348701982417,13.0,384.6666666666667
擊球位置正確度,平推,40%,0.5325325325325325,0.0358268872235701,0.47447447447447444,0.07767277571397936,18.0,534.6666666666666
擊球位置正確度,平推,50%,0.5075075075075075,0.15002998194350503,0.4344344344344344,0.1439354511953449,23.0,685.0
擊球位置正確度,挑球,10%,0.2922374429223744,0.10548241708457921,0.4200913242009132,0.04103496244504282,4.0,118.0
擊球位置正確度,挑球,20%,0.38904109589041097,0.07627074469630167,0.35799086757990867,0.016514284310525255,9.0,252.0
擊球位置正確度,挑球,30%,0.36347031963470317,0.10469673415389216,0.33424657534246577,0.10948625316541417,14.0,398.6666666666667
擊球位置正確度,挑球,40%,0.3680365296803653,0.05440500825061729,0.30319634703196346,0.08184095599355085,18.0,511.6666666666667
擊球位置正確度,挑球,50%,0.4328767123287671,0.04608932559249515,0.28858447488584477,0.053780573020403497,23.0,657.0
