25080.0,-1.764,-10.814,2.534,25080.0,2.642,-1.262,2.528
25090.0,-1.886,-10.594,2.644,25090.0,2.17,-1.454,2.734
25100.0,-1.41,-10.308,2.948,25100.0,1.894,-1.686,2.718
25110.0,-0.556,-9.974,3.192,25110.0,1.9,-1.872,2.582
25120.0,0.376,-9.706,3.152,25120.0,1.884,-1.954,2.538
25130.0,0.99,-9.508,2.864,25130.0,1.842,-2.016,2.698
25140.0,1.092,-9.12,2.356,25140.0,2.074,-2.1,2.976
25150.0,0.766,-8.52,1.35,25150.0,2.488,-2.178,3.322
25160.0,0.306,-8.218,0.656,25160.0,2.79,-2.32,3.59
25170.0,0.144,-8.534,0.896,25170.0,2.864,-2.524,3.712
25180.0,0.162,-8.834,1.242,25180.0,2.916,-2.556,3.764
25190.0,0.262,-8.812,1.078,25190.0,3.186,-2.488,3.77
25200.0,0.736,-8.892,0.892,25200.0,3.46,-2.474,3.682
25210.0,1.182,-9.098,0.814,25210.0,3.678,-2.472,3.576
25220.0,1.26,-9.056,0.41,25220.0,4.042,-2.424,3.454
25230.0,1.038,-9.128,0.32,25230.0,4.348,-2.344,3.316
25240.0,0.722,-9.542,0.75,25240.0,4.45,-2.19,3.272
25250.0,0.316,-10.032,0.634,25250.0,4.672,-1.938,3.35
25260.0,-0.24,-10.618,0.068,25260.0,4.834,-1.764,3.422
25270.0,-1.046,-10.986,0.992,25270.0,4.702,-1.722,3.362
25280.0,-1.976,-10.422,3.024,25280.0,4.718,-1.77,3.086
25290.0,-2.26,-9.336,3.754,25290.0,4.884,-1.97,2.604
25300.0,-1.792,-9.5,3.028,25300.0,4.912,-2.27,2.074
25310.0,-1.442,-11.334,2.266,25310.0,5.246,-2.558,1.546
25320.0,-1.636,-13.248,1.494,25320.0,6.618,-2.796,0.962
25330.0,-2.034,-14.23,1.418,25330.0,8.64,-3.228,0.234
25340.0,-2.17,-14.31,1.684,25340.0,9.646,-3.816,-0.728
25350.0,-1.986,-13.756,0.768,25350.0,9.952,-3.904,-2.344
25360.0,-2.182,-13.174,-0.352,25360.0,9.108,-3.856,-5.254
25370.0,-3.236,-13.116,-0.5,25370.0,6.064,-3.77,-7.614
25380.0,-4.642,-13.818,0.64,25380.0,6.48,-3.208,-8.452
25390.0,-6.194,-14.432,0.938,25390.0,5.724,-2.686,-8.686
25400.0,-7.574,-14.802,-0.026,25400.0,0.894,-2.456,-7.87
25410.0,-8.812,-15.208,0.272,25410.0,-3.724,-1.308,-6.694
25420.0,-9.21,-15.29,0.022,25420.0,-5.576,0.062,-6.688
25430.0,-8.104,-15.08,-0.884,25430.0,-6.014,0.358,-7.5
25440.0,-6.294,-15.11,-1.06,25440.0,-7.174,0.794,-7.87
25450.0,-4.728,-15.264,-0.998,25450.0,-5.232,1.65,-8.276
25460.0,-4.166,-15.042,-1.072,25460.0,-2.648,2.356,-8.152
25470.0,-4.088,-14.662,-1.426,25470.0,-5.358,2.382,-6.0
25480.0,-4.336,-13.996,-1.472,25480.0,-7.484,3.306,-2.786
25490.0,-4.698,-12.988,-0.554,25490.0,-6.454,3.956,-1.42
25500.0,-4.322,-12.046,0.774,25500.0,-1.276,4.086,-2.804
25510.0,-3.544,-11.54,0.878,25510.0,0.468,3.56,-5.278
25520.0,-3.01,-11.188,1.386,25520.0,-2.662,1.534,-5.638
25530.0,-2.316,-10.658,2.212,25530.0,-7.762,-0.208,-2.084
25540.0,-1.648,-9.446,2.372,25540.0,-11.52,-0.678,0.844
25550.0,-1.312,-7.592,2.916,25550.0,-12.868,-1.11,1.332
25560.0,-1.29,-5.732,4.798,25560.0,-12.954,-0.838,1.318
25570.0,-1.714,-3.986,5.404,25570.0,-12.782,0.446,1.89
25580.0,-2.914,-2.658,5.45,25580.0,-13.134,0.874,2.028
25590.0,-4.798,-2.078,6.586,25590.0,-11.32,-0.95,1.866
25600.0,-6.734,-1.81,6.286,25600.0,-3.906,-3.114,2.428
25610.0,-8.336,-1.458,5.518,25610.0,4.064,-3.192,3.228
25620.0,-8.988,-1.16,5.906,25620.0,7.12,-2.19,3.178
25630.0,-8.722,-0.064,6.504,25630.0,7.264,-1.476,2.346
25640.0,-9.24,2.97,5.85,25640.0,6.454,-0.68,1.276
25650.0,-11.754,7.74,4.83,25650.0,5.002,0.434,0.646
25660.0,-14.54,12.196,9.05,25660.0,2.278,1.118,0.41
25670.0,-14.072,15.924,12.44,25670.0,-1.602,0.74,-0.018
25680.0,-12.632,18.506,12.522,25680.0,-4.864,-0.456,-0.48
25690.0,-8.514,19.36,16.876,25690.0,-6.146,-1.574,-0.668
25700.0,0.872,24.85,15.534,25700.0,-6.154,-1.928,-0.656
25710.0,9.462,23.0,17.052,25710.0,-5.634,-1.486,-0.606
25720.0,18.546,10.496,23.34,25720.0,-4.734,-0.602,-0.604
25730.0,28.192,0.818,24.196,25730.0,-3.716,0.212,-0.568
25740.0,29.412,-4.854,18.78,25740.0,-3.064,0.496,-0.412
25750.0,22.662,-12.442,8.868,25750.0,-2.804,0.236,-0.286
25760.0,21.496,-20.634,8.918,25760.0,-2.404,-0.284,-0.302
25770.0,22.994,-16.502,6.796,25770.0,-2.024,-0.864,-0.362
25780.0,21.72,-7.892,-9.424,25780.0,-1.65,-1.284,-0.45
25790.0,24.59,-9.672,6.028,25790.0,-0.84,-1.35,-0.6
25800.0,28.94,-10.55,6.0,25800.0,0.116,-1.096,-0.784
25810.0,20.58,1.126,-2.156,25810.0,0.616,-0.79,-0.908
25820.0,5.684,20.582,-3.498,25820.0,0.54,-0.736,-0.954
25830.0,-6.984,31.246,-0.59,25830.0,0.216,-0.958,-1.014
25840.0,-14.484,28.402,4.616,25840.0,-0.216,-1.204,-1.126
25850.0,-9.006,16.72,7.444,25850.0,-0.806,-1.374,-1.236
25860.0,-1.032,11.504,3.154,25860.0,-1.462,-1.438,-1.318
25870.0,1.514,12.886,-3.178,25870.0,-2.148,-1.334,-1.36
25880.0,4.712,9.744,-8.144,25880.0,-2.726,-1.0,-1.378
25890.0,8.948,0.914,-16.336,25890.0,-2.98,-0.452,-1.436
25900.0,7.6,-10.862,-20.356,25900.0,-2.99,0.068,-1.55
25910.0,1.476,-23.498,-16.89,25910.0,-2.88,0.212,-1.628
25920.0,-5.242,-35.896,-10.87,25920.0,-2.734,-0.07,-1.59
25930.0,-1.528,-38.624,-9.684,25930.0,-2.626,-0.516,-1.518
25940.0,5.146,-27.278,-3.698,25940.0,-2.318,-0.74,-1.596
25950.0,4.882,-13.416,-0.334,25950.0,-1.848,-0.548,-1.842
25960.0,1.47,-2.322,2.796,25960.0,-1.408,-0.232,-2.08
25970.0,-1.616,5.9,6.72,25970.0,-0.854,-0.11,-2.162
25980.0,-5.176,9.036,7.63,25980.0,-0.312,-0.262,-2.126
25990.0,-10.196,6.67,6.722,25990.0,0.052,-0.492,-2.074
26000.0,-13.124,1.778,4.352,26000.0,0.08,-0.55,-2.06
26010.0,-11.534,-2.31,1.894,26010.0,-0.066,-0.394,-2.072
26020.0,-7.194,-5.214,1.924,26020.0,-0.088,-0.034,-2.098
26030.0,-2.836,-7.066,2.656,26030.0,-0.29,0.396,-2.14
26040.0,-0.016,-8.6,2.898,26040.0,-1.058,0.692,-2.148
26050.0,1.046,-10.244,1.998,26050.0,-2.084,0.758,-2.146
26060.0,0.21,-11.636,1.494,26060.0,-2.842,0.678,-2.232
26070.0,-1.628,-12.222,1.806,26070.0,-2.9,0.578,-2.428
26080.0,-2.93,-12.032,1.078,26080.0,-2.172,0.518,-2.62
26090.0,-2.75,-12.146,0.298,26090.0,-1.412,0.462,-2.72
26100.0,-1.75,-11.92,0.54,26100.0,-1.002,0.332,-2.83
26110.0,-0.834,-10.362,1.314,26110.0,-0.582,0.146,-3.002
26120.0,-0.396,-8.802,2.162,26120.0,-0.16,0.03,-3.188
26130.0,-0.3,-8.332,2.512,26130.0,0.132,0.01,-3.244
26140.0,-0.706,-8.394,2.602,26140.0,0.338,0.008,-3.134
26150.0,-1.112,-7.86,2.534,26150.0,0.452,-0.07,-2.96
26160.0,-0.924,-6.778,2.602,26160.0,0.4,-0.264,-2.802
26170.0,-0.2,-5.692,2.962,26170.0,0.034,-0.574,-2.682
26180.0,0.596,-4.812,3.746,26180.0,-0.62,-0.922,-2.624
26190.0,1.302,-4.492,4.784,26190.0,-1.302,-1.042,-2.644
26200.0,1.888,-4.994,5.272,26200.0,-1.74,-0.752,-2.644
26210.0,2.08,-6.22,4.138,26210.0,-2.056,-0.184,-2.498
26220.0,1.582,-7.952,1.868,26220.0,-2.308,0.344,-2.234
26230.0,0.702,-9.638,-0.078,26230.0,-2.348,0.504,-1.948
26240.0,0.3,-10.61,-1.26,26240.0,-2.034,0.132,-1.722
26250.0,0.568,-10.538,-1.61,26250.0,-1.542,-0.622,-1.626
26260.0,0.708,-9.486,-1.162,26260.0,-1.18,-1.25,-1.64
26270.0,-0.02,-8.774,-0.122,26270.0,-1.012,-1.308,-1.732
26280.0,-0.972,-9.788,1.1,26280.0,-0.934,-0.794,-1.784
26290.0,-1.156,-11.702,1.358,26290.0,-0.826,-0.116,-1.642
26300.0,-0.584,-12.706,1.07,26300.0,-0.63,0.286,-1.328
26310.0,0.718,-12.08,0.558,26310.0,-0.412,0.242,-0.914
26320.0,2.392,-10.634,0.46,26320.0,-0.206,-0.182,-0.438
