82880.0,-1.504,-7.622,5.354,82880.0,-0.198,0.026,-0.214
82890.0,-1.478,-7.604,5.346,82890.0,-0.242,0.028,-0.208
82900.0,-1.398,-7.578,5.248,82900.0,-0.266,0.026,-0.222
82910.0,-1.388,-7.57,5.072,82910.0,-0.264,0.012,-0.242
82920.0,-1.5,-7.546,5.14,82920.0,-0.242,-0.01,-0.238
82930.0,-1.494,-7.494,5.168,82930.0,-0.164,-0.034,-0.232
82940.0,-1.428,-7.372,5.096,82940.0,-0.068,0.0,-0.226
82950.0,-1.35,-7.322,5.15,82950.0,-0.028,0.084,-0.198
82960.0,-1.39,-7.364,5.15,82960.0,-0.052,0.156,-0.126
82970.0,-1.498,-7.47,5.024,82970.0,-0.128,0.326,-0.012
82980.0,-1.556,-7.592,4.97,82980.0,-0.366,0.498,0.138
82990.0,-1.49,-7.716,5.082,82990.0,-0.524,0.67,0.312
83000.0,-1.386,-7.758,5.134,83000.0,-0.54,0.898,0.438
83010.0,-1.326,-7.642,5.066,83010.0,-0.656,1.122,0.556
83020.0,-1.278,-7.594,5.184,83020.0,-0.684,1.266,0.678
83030.0,-1.248,-7.798,5.296,83030.0,-0.602,1.396,0.862
83040.0,-1.252,-7.912,5.178,83040.0,-0.432,1.518,1.052
83050.0,-1.242,-7.936,5.242,83050.0,-0.086,1.658,1.148
83060.0,-1.146,-7.908,5.216,83060.0,0.22,1.862,1.268
83070.0,-1.13,-7.866,5.25,83070.0,0.36,2.11,1.436
83080.0,-1.16,-7.894,5.388,83080.0,0.378,2.306,1.576
83090.0,-1.254,-8.004,5.28,83090.0,0.338,2.426,1.694
83100.0,-1.378,-8.196,4.972,83100.0,0.4,2.52,1.84
83110.0,-1.442,-8.536,4.992,83110.0,0.678,2.618,1.978
83120.0,-1.396,-8.67,5.368,83120.0,0.95,2.812,1.964
83130.0,-1.212,-8.76,5.678,83130.0,0.88,3.112,2.016
83140.0,-0.988,-8.876,6.172,83140.0,0.702,3.264,2.15
83150.0,-0.76,-8.862,7.528,83150.0,0.648,3.308,2.166
83160.0,-0.378,-8.724,7.728,83160.0,0.448,3.318,2.14
83170.0,-0.152,-9.3,8.414,83170.0,0.144,3.356,2.148
83180.0,-0.024,-9.92,9.416,83180.0,-0.054,3.354,2.084
83190.0,0.076,-9.808,9.048,83190.0,-0.168,3.278,1.958
83200.0,0.142,-9.968,8.95,83200.0,-0.198,3.128,1.808
83210.0,0.018,-10.242,8.744,83210.0,-0.262,2.984,1.61
83220.0,0.02,-10.738,8.358,83220.0,-0.374,2.908,1.422
83230.0,0.07,-10.858,7.84,83230.0,-0.454,2.82,1.194
83240.0,-0.076,-10.356,7.126,83240.0,-0.37,2.69,0.938
83250.0,-0.198,-10.452,6.834,83250.0,-0.22,2.536,0.794
83260.0,-0.432,-10.07,6.47,83260.0,-0.354,2.556,0.576
83270.0,-1.188,-8.91,5.896,83270.0,-0.66,2.434,0.176
83280.0,-2.27,-7.992,5.448,83280.0,-0.86,2.032,-0.232
83290.0,-3.426,-7.75,4.882,83290.0,-1.1,1.704,-0.652
83300.0,-4.3,-7.516,4.822,83300.0,-1.574,1.296,-1.278
83310.0,-4.794,-6.388,3.892,83310.0,-1.882,0.472,-2.134
83320.0,-4.932,-6.132,2.442,83320.0,-1.826,-0.886,-3.218
83330.0,-5.396,-5.904,1.116,83330.0,-1.796,-2.8,-4.44
83340.0,-6.332,-4.678,-0.72,83340.0,-1.722,-5.202,-5.66
83350.0,-6.832,-3.834,-2.134,83350.0,-1.38,-7.584,-6.592
83360.0,-7.178,-3.65,-3.076,83360.0,-1.066,-9.972,-6.962
83370.0,-7.99,-3.006,-4.93,83370.0,-1.27,-12.15,-7.16
83380.0,-9.218,-1.722,-5.97,83380.0,-1.444,-13.09,-7.428
83390.0,-10.18,-0.53,-6.802,83390.0,-0.284,-11.948,-7.416
83400.0,-10.786,0.138,-6.61,83400.0,1.174,-11.3,-5.924
83410.0,-10.494,0.142,-6.748,83410.0,1.336,-10.206,-5.014
83420.0,-10.122,-0.026,-7.484,83420.0,2.732,-7.99,-7.588
83430.0,-10.036,-0.056,-8.212,83430.0,1.05,-3.654,-5.248
83440.0,-9.818,0.008,-9.006,83440.0,-4.756,-1.028,-2.526
83450.0,-9.948,-0.074,-9.282,83450.0,-6.23,0.322,-0.034
83460.0,-11.29,0.85,-10.278,83460.0,-1.432,-1.386,-0.186
83470.0,-12.56,2.582,-11.814,83470.0,5.802,-5.614,-2.114
83480.0,-13.192,5.034,-13.436,83480.0,8.872,-6.506,-1.788
83490.0,-14.742,8.05,-16.47,83490.0,6.522,-5.086,0.338
83500.0,-18.312,11.74,-19.99,83500.0,2.964,-3.042,1.692
83510.0,-20.2,14.55,-24.954,83510.0,0.788,-2.53,1.802
83520.0,-18.718,14.81,-29.598,83520.0,-0.648,-3.002,1.968
83530.0,-14.612,13.082,-31.882,83530.0,-1.486,-3.326,2.072
83540.0,-8.82,9.292,-30.866,83540.0,-1.356,-3.1,1.602
83550.0,-2.912,3.246,-28.138,83550.0,-0.724,-2.514,0.982
83560.0,2.664,-3.814,-21.194,83560.0,-0.432,-1.972,0.722
83570.0,11.028,-12.002,-11.574,83570.0,-0.83,-1.548,0.706
83580.0,25.632,-23.63,-0.426,83580.0,-1.62,-1.122,0.69
83590.0,39.226,-37.886,11.716,83590.0,-2.032,-0.712,0.59
83600.0,39.226,-39.226,12.894,83600.0,-1.994,-0.398,0.404
83610.0,39.226,-26.838,17.222,83610.0,-1.66,-0.172,0.028
83620.0,39.226,-16.712,33.45,83620.0,-1.14,-0.016,-0.466
83630.0,34.316,-18.724,27.024,83630.0,-0.512,0.024,-0.86
83640.0,19.424,-13.394,-2.02,83640.0,-0.088,0.0,-1.036
83650.0,2.96,-5.502,-23.592,83650.0,0.068,0.012,-1.062
83660.0,-2.054,0.094,-31.634,83660.0,0.102,0.154,-1.046
83670.0,11.38,4.884,-21.558,83670.0,-0.136,0.424,-0.984
83680.0,25.926,4.482,-8.18,83680.0,-0.562,0.776,-0.808
83690.0,29.522,7.396,-0.824,83690.0,-0.868,1.112,-0.572
83700.0,20.34,10.458,3.616,83700.0,-0.856,1.322,-0.406
83710.0,12.37,5.502,5.478,83710.0,-0.568,1.374,-0.328
83720.0,11.722,-3.336,8.218,83720.0,-0.14,1.352,-0.272
83730.0,14.288,-11.16,10.774,83730.0,0.282,1.324,-0.268
83740.0,16.464,-15.804,13.314,83740.0,0.522,1.298,-0.31
83750.0,16.234,-16.542,15.702,83750.0,0.58,1.32,-0.364
83760.0,13.658,-14.616,17.152,83760.0,0.378,1.44,-0.386
83770.0,10.318,-12.806,17.222,83770.0,-0.064,1.616,-0.308
83780.0,7.558,-12.328,15.82,83780.0,-0.404,1.78,-0.172
83790.0,5.37,-12.838,14.48,83790.0,-0.378,1.83,-0.08
83800.0,3.238,-12.804,12.834,83800.0,-0.104,1.788,0.006
83810.0,1.432,-12.052,11.422,83810.0,0.23,1.722,0.2
83820.0,0.208,-11.59,10.378,83820.0,0.56,1.662,0.43
83830.0,-0.316,-11.608,9.646,83830.0,0.718,1.638,0.566
83840.0,0.508,-11.34,9.978,83840.0,0.588,1.666,0.622
83850.0,2.57,-10.55,9.534,83850.0,0.292,1.816,0.658
83860.0,4.718,-9.658,8.474,83860.0,-0.028,1.988,0.72
83870.0,6.216,-9.51,7.91,83870.0,-0.16,2.118,0.788
83880.0,6.562,-10.138,6.538,83880.0,-0.12,2.148,0.868
83890.0,5.712,-10.89,4.686,83890.0,0.1,2.126,0.964
83900.0,4.558,-11.484,3.756,83900.0,0.352,2.082,1.01
83910.0,3.926,-11.504,2.886,83910.0,0.464,2.028,1.05
83920.0,3.616,-10.64,1.448,83920.0,0.514,1.986,1.112
83930.0,3.556,-9.31,1.248,83930.0,0.532,1.868,1.126
83940.0,4.024,-7.824,1.34,83940.0,0.486,1.768,1.11
83950.0,4.786,-6.604,1.28,83950.0,0.386,1.724,1.102
83960.0,5.46,-6.584,1.506,83960.0,0.476,1.684,1.038
83970.0,5.624,-7.552,0.844,83970.0,0.698,1.684,0.89
83980.0,5.126,-8.898,-0.234,83980.0,0.694,1.72,0.77
83990.0,4.526,-10.458,-0.682,83990.0,0.408,1.706,0.748
84000.0,4.204,-11.994,-0.182,84000.0,0.032,1.718,0.73
84010.0,3.934,-12.53,0.324,84010.0,-0.284,1.666,0.666
84020.0,3.748,-11.9,0.614,84020.0,-0.71,1.64,0.678
84030.0,3.996,-11.292,1.312,84030.0,-0.934,1.556,0.75
84040.0,4.46,-10.966,1.412,84040.0,-0.782,1.432,0.812
84050.0,4.634,-11.152,1.526,84050.0,-0.326,1.242,0.786
84060.0,4.322,-11.57,0.896,84060.0,0.278,1.058,0.658
84070.0,3.864,-12.326,0.804,84070.0,0.74,0.906,0.542
84080.0,3.692,-12.868,0.816,84080.0,0.886,0.8,0.53
84090.0,3.422,-12.312,0.874,84090.0,0.812,0.706,0.528
84100.0,3.172,-11.534,1.324,84100.0,0.682,0.62,0.48
84110.0,2.918,-10.86,1.186,84110.0,0.492,0.514,0.436
84120.0,2.45,-10.414,1.512,84120.0,0.264,0.414,0.38
