81800.0,8.096,-6.028,5.442,81800.0,2.758,0.452,1.196
81810.0,7.194,-7.414,4.556,81810.0,2.596,0.426,1.442
81820.0,6.872,-7.076,3.98,81820.0,2.442,0.398,1.57
81830.0,6.724,-5.83,5.032,81830.0,2.328,0.302,1.59
81840.0,6.954,-5.084,6.334,81840.0,2.31,0.068,1.47
81850.0,7.002,-4.604,6.656,81850.0,2.672,-0.108,1.214
81860.0,6.272,-4.142,6.428,81860.0,3.248,-0.144,1.05
81870.0,4.976,-3.754,6.068,81870.0,3.598,-0.128,1.102
81880.0,3.73,-3.45,5.662,81880.0,3.666,-0.04,1.25
81890.0,2.83,-3.652,5.372,81890.0,3.436,0.052,1.43
81900.0,2.384,-5.102,4.534,81900.0,3.24,0.122,1.588
81910.0,3.196,-7.34,4.468,81910.0,3.112,0.146,1.658
81920.0,4.772,-7.904,5.64,81920.0,2.982,0.154,1.668
81930.0,5.746,-6.848,6.71,81930.0,2.906,0.072,1.65
81940.0,5.814,-6.868,7.806,81940.0,2.93,-0.116,1.55
81950.0,5.242,-6.99,7.662,81950.0,3.012,-0.264,1.398
81960.0,3.748,-6.498,7.156,81960.0,3.194,-0.382,1.312
81970.0,2.366,-6.028,6.91,81970.0,3.304,-0.45,1.364
81980.0,1.49,-5.562,6.118,81980.0,3.176,-0.454,1.392
81990.0,0.69,-5.352,5.304,81990.0,3.02,-0.378,1.47
82000.0,0.284,-5.564,5.54,82000.0,2.85,-0.422,1.558
82010.0,0.638,-5.432,5.668,82010.0,2.634,-0.548,1.556
82020.0,1.502,-5.14,5.5,82020.0,2.42,-0.73,1.522
82030.0,1.92,-4.77,6.124,82030.0,2.288,-0.912,1.492
82040.0,2.038,-4.352,6.68,82040.0,2.194,-0.992,1.426
82050.0,1.62,-4.182,6.77,82050.0,2.172,-1.05,1.374
82060.0,1.03,-3.758,6.846,82060.0,2.142,-1.086,1.314
82070.0,0.74,-3.306,6.884,82070.0,2.012,-1.072,1.228
82080.0,0.82,-3.116,6.536,82080.0,1.97,-1.116,1.208
82090.0,1.102,-3.066,6.592,82090.0,2.028,-1.196,1.15
82100.0,1.448,-2.698,6.898,82100.0,2.092,-1.17,1.082
82110.0,1.786,-2.152,7.012,82110.0,2.106,-1.158,1.1
82120.0,2.142,-1.698,7.562,82120.0,1.988,-1.292,1.076
82130.0,2.54,-1.304,7.68,82130.0,1.81,-1.39,1.028
82140.0,2.904,-1.426,7.236,82140.0,1.72,-1.422,0.996
82150.0,3.274,-1.594,6.774,82150.0,1.826,-1.468,0.912
82160.0,3.766,-1.01,6.598,82160.0,1.804,-1.536,0.846
82170.0,3.786,0.362,6.844,82170.0,1.536,-1.772,0.678
82180.0,3.82,1.666,6.82,82180.0,1.224,-2.312,0.086
82190.0,3.95,2.186,6.48,82190.0,0.404,-2.906,-0.608
82200.0,3.772,3.006,5.636,82200.0,-1.064,-3.012,-1.366
82210.0,4.36,5.024,6.146,82210.0,-3.38,-2.438,-2.394
82220.0,5.544,8.81,7.11,82220.0,-7.05,-1.38,-3.304
82230.0,6.428,13.518,7.22,82230.0,-10.46,-0.616,-4.912
82240.0,8.22,21.044,8.414,82240.0,-10.9,0.42,-6.886
82250.0,12.28,32.198,10.704,82250.0,-9.606,3.138,-8.128
82260.0,16.88,38.656,13.382,82260.0,-8.722,5.98,-8.872
82270.0,19.714,38.656,18.038,82270.0,-8.75,7.648,-9.51
82280.0,21.758,38.522,17.236,82280.0,-10.17,7.956,-10.042
82290.0,29.132,38.568,8.268,82290.0,-12.156,7.28,-10.56
82300.0,39.226,32.156,1.56,82300.0,-14.376,6.416,-9.856
82310.0,39.226,18.428,0.31,82310.0,-13.676,5.75,-8.82
82320.0,39.226,9.976,-4.416,82320.0,-11.538,5.44,-7.028
82330.0,38.546,8.624,-9.942,82330.0,-11.37,6.874,-3.754
82340.0,36.816,-1.166,-15.926,82340.0,-9.246,6.97,-3.074
82350.0,38.858,-12.624,-25.256,82350.0,-7.25,5.798,-3.396
82360.0,38.746,-21.912,-25.838,82360.0,-6.384,6.762,-3.51
82370.0,34.756,-38.46,-30.724,82370.0,-6.414,7.36,-4.278
82380.0,36.782,-34.544,-33.48,82380.0,-5.18,6.122,-1.128
82390.0,31.524,-28.132,-21.358,82390.0,-4.772,5.178,0.548
82400.0,13.864,-32.746,-16.502,82400.0,-5.376,4.202,0.596
82410.0,-1.498,-24.098,-9.972,82410.0,-5.022,3.416,1.192
82420.0,3.276,-1.494,4.222,82420.0,-4.548,2.992,1.138
82430.0,21.27,2.14,2.23,82430.0,-4.46,2.534,0.938
82440.0,6.682,-1.58,0.744,82440.0,-4.374,2.032,1.028
82450.0,-1.49,0.014,7.318,82450.0,-4.372,1.562,1.03
82460.0,4.442,-3.726,3.1,82460.0,-4.462,1.138,1.042
82470.0,4.556,-5.742,2.344,82470.0,-4.368,0.726,1.076
82480.0,2.462,-6.476,4.138,82480.0,-4.128,0.398,1.128
82490.0,2.402,-7.278,3.704,82490.0,-3.74,0.168,1.04
82500.0,1.218,-6.47,3.47,82500.0,-3.21,0.022,0.996
82510.0,0.848,-6.644,3.188,82510.0,-2.366,0.016,1.03
82520.0,0.68,-6.852,2.408,82520.0,-1.546,0.184,1.018
82530.0,0.468,-6.714,1.968,82530.0,-0.938,0.366,0.982
82540.0,-0.042,-6.762,1.216,82540.0,-0.51,0.478,0.954
82550.0,0.078,-7.762,0.532,82550.0,-0.314,0.528,0.91
82560.0,0.408,-8.56,-0.366,82560.0,-0.32,0.478,0.84
82570.0,0.684,-9.246,-0.586,82570.0,-0.382,0.348,0.748
82580.0,1.106,-9.98,-0.156,82580.0,-0.372,0.184,0.638
82590.0,1.306,-9.744,0.154,82590.0,-0.276,0.03,0.548
82600.0,1.15,-8.442,0.444,82600.0,-0.136,-0.082,0.412
82610.0,0.544,-7.314,0.532,82610.0,0.136,-0.156,0.322
82620.0,0.004,-7.154,0.482,82620.0,0.422,-0.15,0.352
82630.0,-0.19,-7.476,0.318,82630.0,0.662,-0.126,0.378
82640.0,0.074,-7.582,0.0,82640.0,0.804,-0.154,0.35
82650.0,0.25,-7.506,0.072,82650.0,0.774,-0.18,0.304
82660.0,0.274,-7.498,-0.258,82660.0,0.702,-0.212,0.248
82670.0,0.336,-7.656,-0.386,82670.0,0.646,-0.27,0.224
82680.0,0.176,-7.62,-0.292,82680.0,0.484,-0.356,0.228
82690.0,-0.04,-7.278,-0.318,82690.0,0.174,-0.468,0.206
82700.0,-0.148,-7.018,-0.092,82700.0,-0.072,-0.546,0.212
82710.0,-0.192,-6.768,-0.046,82710.0,-0.168,-0.548,0.254
82720.0,-0.1,-6.442,-0.12,82720.0,-0.074,-0.552,0.218
82730.0,-0.008,-6.19,0.216,82730.0,0.27,-0.558,0.172
82740.0,-0.064,-6.192,0.778,82740.0,0.592,-0.54,0.198
82750.0,0.164,-6.296,0.718,82750.0,0.736,-0.554,0.214
82760.0,0.458,-6.404,0.226,82760.0,0.742,-0.632,0.208
82770.0,0.256,-7.014,-0.202,82770.0,0.454,-0.76,0.222
82780.0,-0.098,-7.776,-1.04,82780.0,0.058,-0.91,0.186
82790.0,0.082,-8.012,-1.278,82790.0,-0.206,-1.034,0.09
82800.0,0.518,-7.454,-0.906,82800.0,-0.366,-1.11,-0.008
82810.0,0.778,-6.186,-0.524,82810.0,-0.496,-1.146,-0.118
82820.0,0.916,-5.2,0.432,82820.0,-0.598,-1.168,-0.278
82830.0,0.82,-4.616,1.016,82830.0,-0.706,-1.194,-0.47
82840.0,0.704,-4.318,0.602,82840.0,-0.724,-1.19,-0.642
82850.0,0.828,-4.35,0.164,82850.0,-0.654,-1.232,-0.882
82860.0,1.08,-4.35,-0.188,82860.0,-0.522,-1.298,-1.184
82870.0,1.32,-4.124,-0.598,82870.0,-0.462,-1.42,-1.534
82880.0,1.542,-3.964,-1.186,82880.0,-0.508,-1.568,-1.888
82890.0,1.692,-4.146,-1.562,82890.0,-0.644,-1.684,-2.146
82900.0,1.516,-4.624,-1.632,82900.0,-0.966,-1.84,-2.408
82910.0,1.338,-4.908,-1.15,82910.0,-1.53,-2.086,-2.616
82920.0,1.354,-4.842,-0.482,82920.0,-2.074,-2.098,-2.534
82930.0,1.768,-4.584,-0.262,82930.0,-2.486,-1.772,-2.424
82940.0,2.784,-4.336,-0.438,82940.0,-2.8,-1.484,-2.716
82950.0,3.98,-3.878,-0.48,82950.0,-3.068,-1.61,-3.26
82960.0,5.114,-3.348,-0.936,82960.0,-3.136,-2.098,-3.654
82970.0,6.088,-3.208,-1.844,82970.0,-2.996,-2.66,-3.796
82980.0,6.12,-3.514,-2.114,82980.0,-2.588,-2.964,-3.818
82990.0,5.044,-4.29,-2.056,82990.0,-1.916,-2.796,-3.826
83000.0,4.106,-5.8,-1.698,83000.0,-1.19,-2.284,-3.86
83010.0,4.386,-7.77,-1.75,83010.0,-0.47,-1.83,-3.844
83020.0,5.906,-9.23,-2.31,83020.0,0.258,-1.414,-3.608
83030.0,8.158,-9.326,-2.478,83030.0,0.182,-1.062,-3.498
83040.0,10.372,-8.764,-1.686,83040.0,-0.306,-0.958,-3.698
