55040.0,8.972,-4.798,2.694,55040.0,-2.546,0.904,0.31
55050.0,8.868,-4.574,2.62,55050.0,-2.492,0.92,0.316
55060.0,8.896,-4.428,2.766,55060.0,-2.432,0.936,0.308
55070.0,8.912,-4.296,2.832,55070.0,-2.41,0.942,0.292
55080.0,8.994,-3.968,2.794,55080.0,-2.406,0.944,0.28
55090.0,9.05,-3.676,2.698,55090.0,-2.376,0.944,0.272
55100.0,8.994,-3.572,2.722,55100.0,-2.328,0.95,0.26
55110.0,8.848,-3.638,2.95,55110.0,-2.296,0.962,0.254
55120.0,8.56,-3.772,3.04,55120.0,-2.286,0.986,0.26
55130.0,8.34,-3.948,3.002,55130.0,-2.32,1.01,0.286
55140.0,8.386,-4.026,2.818,55140.0,-2.404,1.008,0.332
55150.0,8.524,-3.96,2.636,55150.0,-2.502,0.972,0.364
55160.0,8.666,-4.028,2.532,55160.0,-2.628,0.906,0.382
55170.0,8.754,-4.116,2.596,55170.0,-2.68,0.864,0.416
55180.0,8.724,-3.814,2.844,55180.0,-2.562,0.856,0.444
55190.0,8.584,-3.21,3.042,55190.0,-2.366,0.826,0.452
55200.0,8.712,-2.772,3.386,55200.0,-2.176,0.778,0.468
55210.0,8.9,-2.642,3.596,55210.0,-2.076,0.698,0.5
55220.0,8.806,-2.85,3.652,55220.0,-2.092,0.584,0.528
55230.0,8.76,-3.186,3.412,55230.0,-2.15,0.43,0.542
55240.0,8.704,-3.326,2.836,55240.0,-2.238,0.294,0.54
55250.0,8.694,-3.428,2.628,55250.0,-2.354,0.194,0.548
55260.0,8.752,-3.816,2.048,55260.0,-2.368,0.132,0.56
55270.0,8.644,-4.172,1.944,55270.0,-2.42,0.094,0.572
55280.0,8.756,-3.954,2.104,55280.0,-2.448,0.084,0.562
55290.0,9.422,-3.732,2.27,55290.0,-2.44,0.11,0.56
55300.0,10.116,-3.584,2.298,55300.0,-2.49,0.078,0.582
55310.0,10.27,-3.334,1.944,55310.0,-2.558,-0.03,0.6
55320.0,10.336,-4.052,1.466,55320.0,-2.71,-0.192,0.644
55330.0,9.992,-4.726,1.522,55330.0,-2.842,-0.324,0.71
55340.0,9.458,-4.91,2.196,55340.0,-2.854,-0.268,0.792
55350.0,9.334,-5.528,1.926,55350.0,-3.012,-0.054,0.942
55360.0,8.614,-5.292,1.136,55360.0,-3.476,0.126,0.99
55370.0,7.968,-4.762,0.876,55370.0,-4.278,0.176,0.976
55380.0,7.756,-4.62,1.032,55380.0,-4.9,0.072,0.878
55390.0,7.69,-4.344,0.898,55390.0,-4.79,-0.136,0.708
55400.0,7.696,-4.204,0.512,55400.0,-3.946,-0.678,0.578
55410.0,7.748,-4.294,0.378,55410.0,-2.974,-1.686,0.616
55420.0,7.904,-4.306,0.402,55420.0,-2.308,-3.176,0.73
55430.0,8.004,-4.17,0.166,55430.0,-2.058,-4.83,0.788
55440.0,8.126,-4.01,-0.008,55440.0,-2.082,-6.152,0.726
55450.0,8.32,-3.932,-0.262,55450.0,-2.19,-7.42,0.71
55460.0,8.486,-4.068,-0.562,55460.0,-1.464,-8.716,0.688
55470.0,8.614,-4.38,-0.856,55470.0,0.238,-9.682,0.664
55480.0,8.618,-4.66,-0.918,55480.0,2.118,-10.388,0.808
55490.0,8.542,-4.762,-0.894,55490.0,3.628,-10.856,1.074
55500.0,8.326,-4.738,-1.084,55500.0,4.87,-11.156,1.402
55510.0,8.03,-4.8,-1.216,55510.0,5.962,-11.204,1.732
55520.0,7.78,-4.874,-1.648,55520.0,7.166,-11.16,2.04
55530.0,7.684,-5.166,-2.122,55530.0,8.146,-11.172,2.586
55540.0,7.762,-5.888,-2.554,55540.0,8.312,-10.994,3.44
55550.0,7.81,-6.736,-3.208,55550.0,7.836,-10.618,4.712
55560.0,7.646,-7.326,-3.78,55560.0,0.142,-9.856,6.106
55570.0,7.42,-7.544,-4.096,55570.0,1.796,-10.558,4.898
55580.0,7.15,-7.462,-4.26,55580.0,0.134,-7.84,4.944
55590.0,6.886,-7.26,-4.338,55590.0,0.294,-7.718,5.116
55600.0,6.84,-7.084,-4.646,55600.0,3.346,-7.66,3.72
55610.0,7.048,-7.052,-5.39,55610.0,4.216,-7.404,3.552
55620.0,7.314,-7.496,-5.824,55620.0,3.548,-6.782,4.128
55630.0,7.506,-8.006,-6.174,55630.0,3.782,-6.498,4.218
55640.0,7.616,-8.394,-6.34,55640.0,3.4,-6.088,4.23
55650.0,7.564,-8.56,-6.206,55650.0,3.694,-5.944,4.488
55660.0,7.512,-8.734,-6.33,55660.0,5.206,-5.91,4.636
55670.0,7.398,-8.8,-6.73,55670.0,7.192,-5.688,4.634
55680.0,7.348,-8.712,-7.684,55680.0,8.618,-5.048,4.624
55690.0,7.774,-9.006,-8.742,55690.0,9.258,-4.128,4.618
55700.0,8.81,-10.176,-9.778,55700.0,9.368,-3.044,4.67
55710.0,10.024,-11.528,-10.066,55710.0,9.03,-2.146,4.708
55720.0,11.224,-11.286,-9.904,55720.0,7.82,-1.292,4.782
55730.0,11.79,-8.82,-10.578,55730.0,6.14,-0.788,4.854
55740.0,12.058,-7.022,-12.586,55740.0,4.766,-0.608,4.738
55750.0,11.868,-7.448,-16.162,55750.0,3.334,-0.454,4.32
55760.0,11.542,-9.718,-19.852,55760.0,1.56,-0.298,4.042
55770.0,11.128,-12.184,-24.242,55770.0,0.036,-0.312,3.94
55780.0,11.422,-13.046,-29.434,55780.0,-0.662,-0.474,3.578
55790.0,12.502,-11.186,-33.85,55790.0,-0.87,-0.724,3.154
55800.0,14.946,-8.466,-35.656,55800.0,-0.728,-0.944,2.706
55810.0,18.274,-5.91,-34.482,55810.0,-0.392,-1.14,2.232
55820.0,20.832,-4.602,-33.602,55820.0,-0.154,-1.282,1.808
55830.0,22.972,-6.012,-32.308,55830.0,-0.102,-1.364,1.42
55840.0,26.12,-9.738,-29.328,55840.0,-0.118,-1.422,1.068
55850.0,28.772,-12.568,-25.192,55850.0,-0.172,-1.434,0.746
55860.0,30.512,-12.214,-19.986,55860.0,-0.272,-1.412,0.41
55870.0,31.494,-9.512,-15.882,55870.0,-0.35,-1.386,0.046
55880.0,32.422,-8.956,-13.216,55880.0,-0.424,-1.362,-0.312
55890.0,32.112,-9.82,-13.234,55890.0,-0.494,-1.336,-0.644
55900.0,31.34,-10.968,-14.218,55900.0,-0.578,-1.31,-0.962
55910.0,31.47,-11.904,-14.27,55910.0,-0.69,-1.296,-1.282
55920.0,31.37,-9.692,-17.104,55920.0,-0.826,-1.296,-1.602
55930.0,32.96,-8.556,-15.63,55930.0,-0.918,-1.3,-1.898
55940.0,33.256,17.934,-3.118,55940.0,-0.974,-1.296,-2.178
55950.0,31.924,-7.336,-2.994,55950.0,-1.082,-1.238,-2.442
55960.0,23.116,-15.956,1.508,55960.0,-1.222,-1.146,-2.682
55970.0,15.468,-2.052,-5.134,55970.0,-1.334,-1.046,-2.922
55980.0,14.746,-2.682,-5.304,55980.0,-1.508,-0.96,-3.174
55990.0,15.07,-6.708,-2.606,55990.0,-1.682,-0.932,-3.384
56000.0,12.792,-4.3,-5.364,56000.0,-1.84,-0.948,-3.542
56010.0,11.634,-7.424,-4.192,56010.0,-2.198,-0.922,-3.712
56020.0,11.204,-12.078,-3.494,56020.0,-2.55,-0.868,-3.896
56030.0,10.926,-13.684,-3.838,56030.0,-2.89,-0.78,-4.048
56040.0,11.948,-12.956,-3.944,56040.0,-3.166,-0.722,-4.136
56050.0,13.884,-11.204,-2.63,56050.0,-3.378,-0.704,-4.224
56060.0,14.976,-7.618,-1.632,56060.0,-3.642,-0.74,-4.352
56070.0,15.2,-2.506,-0.446,56070.0,-3.972,-0.786,-4.458
56080.0,14.614,2.808,1.512,56080.0,-4.316,-0.774,-4.532
56090.0,13.208,6.544,4.048,56090.0,-4.64,-0.666,-4.574
56100.0,11.336,8.71,6.724,56100.0,-4.9,-0.438,-4.626
56110.0,8.55,11.238,5.182,56110.0,-5.06,-0.126,-4.718
56120.0,6.204,13.682,5.01,56120.0,-5.0,0.138,-4.79
56130.0,5.16,13.084,7.584,56130.0,-4.774,0.314,-4.808
56140.0,4.284,10.92,8.352,56140.0,-4.504,0.432,-4.79
56150.0,2.704,10.016,6.706,56150.0,-4.216,0.552,-4.772
56160.0,1.952,8.532,5.184,56160.0,-4.044,0.69,-4.792
56170.0,1.654,7.752,3.858,56170.0,-4.136,0.884,-4.772
56180.0,1.494,8.156,3.168,56180.0,-4.378,1.098,-4.7
56190.0,1.644,8.88,3.662,56190.0,-4.616,1.288,-4.64
56200.0,1.738,9.416,3.858,56200.0,-4.774,1.438,-4.58
56210.0,1.796,9.726,3.58,56210.0,-4.698,1.53,-4.52
56220.0,1.924,9.976,4.186,56220.0,-4.4,1.602,-4.46
56230.0,1.888,9.984,5.032,56230.0,-4.002,1.666,-4.406
56240.0,1.658,9.75,5.432,56240.0,-3.774,1.722,-4.368
56250.0,1.446,9.358,5.814,56250.0,-3.814,1.808,-4.36
56260.0,1.24,8.97,6.188,56260.0,-4.074,1.93,-4.384
56270.0,1.024,8.534,6.606,56270.0,-4.42,2.068,-4.402
56280.0,0.812,7.986,6.852,56280.0,-4.69,2.194,-4.402
