38560.0,-9.038,1.244,1.364,38560.0,-1.498,-0.254,1.074
38570.0,-8.528,1.696,0.42,38570.0,-1.772,-0.258,1.15
38580.0,-8.03,1.622,0.434,38580.0,-2.03,-0.328,1.22
38590.0,-7.992,0.84,1.362,38590.0,-2.23,-0.418,1.282
38600.0,-8.306,0.032,1.814,38600.0,-2.44,-0.518,1.31
38610.0,-8.908,-0.424,1.922,38610.0,-2.718,-0.598,1.302
38620.0,-9.378,-0.63,2.286,38620.0,-2.908,-0.638,1.286
38630.0,-9.58,-0.438,2.7,38630.0,-2.958,-0.682,1.322
38640.0,-9.692,-0.01,2.826,38640.0,-2.988,-0.736,1.418
38650.0,-9.888,0.278,2.916,38650.0,-3.008,-0.778,1.508
38660.0,-10.054,0.238,2.816,38660.0,-2.988,-0.82,1.558
38670.0,-10.096,-0.28,2.602,38670.0,-2.922,-0.888,1.602
38680.0,-9.918,-0.9,2.472,38680.0,-2.888,-0.998,1.676
38690.0,-9.64,-1.36,2.24,38690.0,-3.038,-1.074,1.724
38700.0,-9.392,-1.764,2.552,38700.0,-3.234,-1.064,1.668
38710.0,-9.058,-1.97,2.722,38710.0,-3.368,-0.966,1.562
38720.0,-8.64,-2.156,2.372,38720.0,-3.384,-0.822,1.478
38730.0,-8.272,-2.658,2.124,38730.0,-3.2,-0.76,1.426
38740.0,-8.062,-3.228,2.036,38740.0,-2.95,-0.846,1.436
38750.0,-7.992,-3.47,2.1,38750.0,-2.836,-1.034,1.504
38760.0,-8.022,-3.546,2.136,38760.0,-2.87,-1.254,1.598
38770.0,-8.09,-3.688,1.556,38770.0,-2.922,-1.408,1.728
38780.0,-8.196,-4.072,1.44,38780.0,-3.078,-1.348,1.82
38790.0,-8.294,-4.628,1.41,38790.0,-3.25,-1.096,1.786
38800.0,-8.116,-5.312,1.062,38800.0,-3.13,-0.874,1.65
38810.0,-7.902,-6.08,1.186,38810.0,-2.784,-0.85,1.536
38820.0,-8.116,-6.438,1.346,38820.0,-2.37,-1.014,1.594
38830.0,-8.796,-6.512,1.074,38830.0,-2.122,-1.228,1.882
38840.0,-9.574,-6.39,0.912,38840.0,-2.126,-1.378,2.246
38850.0,-9.95,-6.048,0.766,38850.0,-2.57,-1.466,2.542
38860.0,-9.588,-6.032,-0.14,38860.0,-3.35,-1.398,2.682
38870.0,-8.742,-7.0,-0.978,38870.0,-3.818,-1.164,2.6
38880.0,-8.086,-8.602,-0.682,38880.0,-3.748,-0.862,2.324
38890.0,-8.032,-9.812,-0.798,38890.0,-2.96,-0.55,1.862
38900.0,-8.628,-10.496,-1.552,38900.0,-1.488,-0.31,1.348
38910.0,-9.496,-10.764,-2.698,38910.0,-0.048,0.008,0.806
38920.0,-10.01,-10.918,-3.702,38920.0,0.684,0.316,0.014
38930.0,-10.02,-10.704,-4.204,38930.0,0.556,0.53,-0.97
38940.0,-9.612,-10.442,-4.768,38940.0,-0.58,0.836,-1.958
38950.0,-8.904,-10.716,-4.594,38950.0,-1.458,1.242,-2.722
38960.0,-8.382,-12.044,-5.42,38960.0,-1.764,1.776,-3.072
38970.0,-8.488,-15.368,-7.016,38970.0,-0.84,2.734,-3.478
38980.0,-9.324,-18.914,-7.828,38980.0,1.624,3.546,-3.94
38990.0,-10.69,-20.824,-9.332,38990.0,3.284,4.63,-4.498
39000.0,-12.112,-21.026,-10.008,39000.0,3.664,5.484,-5.526
39010.0,-14.178,-19.67,-9.262,39010.0,3.496,5.79,-6.432
39020.0,-16.314,-15.956,-9.618,39020.0,3.07,6.08,-7.492
39030.0,-17.502,-11.45,-8.26,39030.0,3.112,6.412,-8.862
39040.0,-18.12,-7.926,-8.62,39040.0,3.122,6.968,-10.668
39050.0,-19.098,-9.88,-10.51,39050.0,3.45,7.598,-12.926
39060.0,-21.336,-14.916,-9.1,39060.0,3.53,7.642,-15.15
39070.0,-26.044,-16.372,-12.692,39070.0,3.592,6.658,-15.336
39080.0,-30.136,-15.798,-14.076,39080.0,4.37,6.392,-12.216
39090.0,-35.058,-12.55,-10.294,39090.0,4.77,6.936,-10.78
39100.0,-38.684,-8.958,-10.482,39100.0,5.078,6.724,-12.54
39110.0,-38.892,-9.132,-7.154,39110.0,5.406,5.714,-13.75
39120.0,-38.852,-10.81,-5.76,39120.0,5.858,4.654,-14.136
39130.0,-38.88,-13.142,-4.798,39130.0,8.006,6.158,-13.338
39140.0,-38.892,-14.8,-4.436,39140.0,10.196,7.264,-9.246
39150.0,-38.892,-17.46,-5.036,39150.0,9.592,5.968,-12.76
39160.0,-38.892,-25.632,-5.672,39160.0,4.51,2.252,-13.508
39170.0,-38.892,-33.814,-8.354,39170.0,5.894,0.366,-9.228
39180.0,-38.892,-32.516,-7.404,39180.0,6.596,0.922,-8.08
39190.0,-38.892,-28.484,-9.11,39190.0,7.212,0.04,-7.756
39200.0,-38.892,-31.104,-10.828,39200.0,5.316,-1.056,-8.198
39210.0,-38.564,-37.846,-17.48,39210.0,2.738,-1.806,-8.604
39220.0,-38.862,-39.226,-5.55,39220.0,1.488,-1.006,-7.724
39230.0,-38.892,-29.126,-3.824,39230.0,2.254,0.524,-5.43
39240.0,-38.886,-9.736,-17.75,39240.0,3.892,1.852,-4.08
39250.0,-38.89,-15.576,-18.274,39250.0,5.248,2.192,-3.33
39260.0,-38.794,-11.062,-19.718,39260.0,4.89,1.454,-2.426
39270.0,-32.284,-0.626,-8.038,39270.0,3.482,-0.13,-1.878
39280.0,-25.836,6.17,-8.418,39280.0,1.916,-0.926,-2.196
39290.0,-20.228,7.112,-9.81,39290.0,0.946,-0.934,-2.67
39300.0,-15.108,5.292,-8.038,39300.0,0.828,-0.992,-2.268
39310.0,-10.446,-0.404,-3.094,39310.0,1.17,-0.948,-1.64
39320.0,-7.16,-6.862,-5.23,39320.0,1.224,-0.45,-1.252
39330.0,-10.262,-8.15,-4.096,39330.0,0.868,-0.046,-0.652
39340.0,-14.77,-4.848,-2.508,39340.0,0.328,0.16,-0.342
39350.0,-16.75,-0.74,-2.488,39350.0,-0.074,0.198,-0.634
39360.0,-18.548,4.21,-2.906,39360.0,-0.25,0.084,-0.75
39370.0,-19.008,8.066,-0.434,39370.0,-0.396,-0.126,-0.39
39380.0,-16.168,8.304,-1.284,39380.0,-0.566,-0.346,0.092
39390.0,-11.408,6.526,-5.242,39390.0,-0.646,-0.572,0.476
39400.0,-8.74,6.856,-6.692,39400.0,-0.65,-0.82,0.756
39410.0,-7.292,9.268,-4.808,39410.0,-0.678,-1.002,1.006
39420.0,-6.138,10.634,-4.292,39420.0,-0.862,-1.05,1.32
39430.0,-6.87,9.87,-5.502,39430.0,-1.05,-0.998,1.666
39440.0,-8.286,9.082,-6.222,39440.0,-1.2,-0.784,1.92
39450.0,-8.01,8.15,-3.978,39450.0,-1.354,-0.38,1.962
39460.0,-6.326,6.004,-2.248,39460.0,-1.402,0.176,1.822
39470.0,-5.136,3.58,-0.75,39470.0,-1.376,0.858,1.674
39480.0,-4.178,1.938,1.016,39480.0,-1.322,1.562,1.504
39490.0,-2.894,0.832,1.77,39490.0,-1.264,2.12,1.206
39500.0,-1.274,-0.038,1.89,39500.0,-1.08,2.282,0.79
39510.0,0.562,-0.854,1.932,39510.0,-0.81,1.87,0.446
39520.0,2.142,-1.63,1.898,39520.0,-0.748,1.146,0.394
39530.0,3.13,-2.904,1.648,39530.0,-0.952,0.59,0.638
39540.0,3.526,-4.264,1.284,39540.0,-1.136,0.316,0.964
39550.0,3.854,-5.014,0.964,39550.0,-1.152,0.27,1.172
39560.0,4.708,-5.148,1.396,39560.0,-1.098,0.446,1.156
39570.0,5.518,-5.14,2.24,39570.0,-0.946,0.796,0.938
39580.0,5.73,-4.792,3.228,39580.0,-0.79,1.216,0.654
39590.0,4.804,-4.446,3.76,39590.0,-0.712,1.526,0.432
39600.0,3.088,-4.424,3.292,39600.0,-0.674,1.558,0.372
39610.0,1.634,-4.764,2.904,39610.0,-0.806,1.268,0.516
39620.0,1.13,-5.464,3.452,39620.0,-1.116,0.73,0.818
39630.0,1.446,-6.304,3.768,39630.0,-1.602,0.178,1.232
39640.0,2.138,-7.338,3.298,39640.0,-2.118,-0.198,1.608
39650.0,2.626,-8.248,2.996,39650.0,-2.526,-0.29,1.786
39660.0,2.514,-8.916,3.092,39660.0,-2.812,-0.068,1.766
39670.0,1.736,-9.306,3.526,39670.0,-3.012,0.35,1.652
39680.0,0.498,-9.13,3.814,39680.0,-3.27,0.742,1.632
39690.0,-0.842,-8.442,3.658,39690.0,-3.34,0.886,1.838
39700.0,-1.94,-7.738,3.652,39700.0,-2.938,0.658,2.318
39710.0,-2.498,-7.23,3.68,39710.0,-2.546,0.176,3.012
39720.0,-2.194,-7.154,3.874,39720.0,-2.468,-0.29,3.614
39730.0,-1.248,-7.472,4.004,39730.0,-2.37,-0.442,3.888
39740.0,-0.208,-8.198,3.87,39740.0,-2.114,-0.164,3.97
39750.0,0.464,-9.294,3.626,39750.0,-1.824,0.366,4.13
39760.0,0.498,-10.444,3.26,39760.0,-1.796,0.89,4.434
39770.0,-0.1,-11.386,3.436,39770.0,-2.146,1.156,4.75
39780.0,-0.872,-11.592,3.444,39780.0,-2.556,1.024,4.97
39790.0,-1.516,-10.974,2.224,39790.0,-2.742,0.508,5.12
39800.0,-1.34,-11.118,1.714,39800.0,-2.774,-0.086,5.3
