18950.0,7.906,-5.494,2.116,18950.0,-2.774,0.796,-0.794
18960.0,8.232,-4.39,2.28,18960.0,-3.108,0.69,-0.692
18970.0,8.572,-4.468,3.258,18970.0,-2.468,0.584,-0.618
18980.0,8.032,-6.536,3.658,18980.0,-1.782,0.518,-0.772
18990.0,7.194,-5.036,4.8,18990.0,-2.19,0.572,-0.732
19000.0,6.712,-3.134,4.594,19000.0,-2.398,0.564,-0.576
19010.0,6.708,-2.142,3.824,19010.0,-2.468,0.492,-0.544
19020.0,7.088,-0.298,3.854,19020.0,-2.606,0.43,-0.426
19030.0,7.456,0.24,3.658,19030.0,-2.75,0.408,-0.25
19040.0,7.226,-0.428,2.618,19040.0,-2.48,0.428,-0.204
19050.0,7.046,-1.486,1.574,19050.0,-1.928,0.422,-0.266
19060.0,7.16,-1.844,1.17,19060.0,-1.466,0.392,-0.306
19070.0,7.678,-2.662,1.964,19070.0,-1.306,0.362,-0.434
19080.0,8.456,-3.768,3.542,19080.0,-1.156,0.378,-0.718
19090.0,9.224,-3.578,5.03,19090.0,-1.348,0.378,-0.954
19100.0,9.148,-3.176,3.598,19100.0,-1.668,0.316,-1.086
19110.0,8.262,-1.908,0.392,19110.0,-1.976,0.306,-1.154
19120.0,7.668,-1.078,0.98,19120.0,-1.896,0.35,-1.204
19130.0,7.238,-3.64,0.972,19130.0,-1.604,0.38,-1.278
19140.0,6.27,-4.798,0.1,19140.0,-1.254,0.426,-1.332
19150.0,7.118,-2.782,3.474,19150.0,-1.298,0.464,-1.396
19160.0,7.686,-2.65,3.468,19160.0,-1.708,0.494,-1.508
19170.0,7.002,-5.206,1.284,19170.0,-2.156,0.546,-1.672
19180.0,6.9,-5.272,0.946,19180.0,-2.472,0.598,-1.822
19190.0,7.422,-5.192,1.374,19190.0,-2.66,0.61,-1.918
19200.0,7.89,-7.308,0.912,19200.0,-2.858,0.608,-1.948
19210.0,7.5,-8.012,0.11,19210.0,-3.114,0.606,-1.894
19220.0,7.26,-7.192,0.18,19220.0,-3.406,0.718,-1.766
19230.0,7.032,-5.608,0.278,19230.0,-3.79,0.966,-1.654
19240.0,7.234,-3.754,0.948,19240.0,-4.564,1.316,-1.542
19250.0,7.576,-4.494,-0.676,19250.0,-5.832,1.722,-1.398
19260.0,7.48,-5.238,-1.342,19260.0,-7.244,2.094,-1.41
19270.0,7.766,-5.898,-0.682,19270.0,-8.398,2.382,-1.392
19280.0,8.344,-7.642,-0.826,19280.0,-8.886,2.414,-1.108
19290.0,8.054,-9.288,-1.686,19290.0,-8.59,1.994,-0.692
19300.0,7.618,-9.178,-1.784,19300.0,-7.684,0.836,-0.234
19310.0,7.426,-7.77,-1.144,19310.0,-6.562,-1.22,0.276
19320.0,7.848,-6.154,-0.882,19320.0,-5.026,-3.824,0.968
19330.0,8.414,-5.922,-1.976,19330.0,-3.358,-6.366,1.466
19340.0,8.56,-6.81,-3.244,19340.0,-1.78,-8.586,1.506
19350.0,8.438,-8.148,-3.604,19350.0,-0.596,-10.664,1.53
19360.0,8.444,-9.498,-4.194,19360.0,-1.062,-12.546,1.24
19370.0,8.318,-10.462,-4.54,19370.0,-1.014,-13.486,0.228
19380.0,8.446,-10.858,-4.228,19380.0,1.594,-13.394,-0.802
19390.0,9.14,-10.828,-4.46,19390.0,4.59,-13.334,-0.782
19400.0,10.402,-10.35,-5.084,19400.0,6.708,-13.56,0.16
19410.0,12.372,-9.148,-6.68,19410.0,9.736,-13.958,1.25
19420.0,14.116,-7.974,-11.272,19420.0,14.126,-14.84,2.484
19430.0,14.93,-9.966,-16.75,19430.0,19.166,-15.886,4.32
19440.0,14.106,-14.928,-24.076,19440.0,25.772,-17.354,6.422
19450.0,13.146,-20.302,-34.416,19450.0,32.914,-18.642,8.644
19460.0,13.534,-25.196,-39.226,19460.0,32.184,-17.682,11.544
19470.0,13.046,-26.216,-39.226,19470.0,30.536,-10.658,7.5
19480.0,12.962,-23.94,-39.154,19480.0,23.512,-4.862,9.336
19490.0,16.336,-19.076,-39.226,19490.0,21.168,-2.474,7.418
19500.0,25.098,-12.102,-39.226,19500.0,28.966,1.568,4.996
19510.0,36.048,-5.276,-39.226,19510.0,23.718,3.396,4.862
19520.0,39.226,6.68,-39.226,19520.0,12.688,4.836,5.014
19530.0,39.226,12.386,-39.226,19530.0,2.334,6.292,6.896
19540.0,39.226,10.876,-39.226,19540.0,-0.358,6.206,6.976
19550.0,39.226,5.85,-37.478,19550.0,-0.352,6.29,7.114
19560.0,39.226,-3.052,-26.496,19560.0,3.342,5.278,6.448
19570.0,39.226,-11.124,-10.34,19570.0,3.096,4.916,4.98
19580.0,39.226,-17.408,-10.524,19580.0,1.452,5.292,3.784
19590.0,39.226,-24.336,-19.55,19590.0,-1.1,4.92,3.062
19600.0,39.226,-28.314,-37.198,19600.0,-3.27,3.878,2.816
19610.0,39.226,-31.334,-39.226,19610.0,-4.122,2.93,2.672
19620.0,39.226,-35.384,-39.054,19620.0,-4.212,2.322,2.554
19630.0,39.226,13.842,-39.19,19630.0,-3.86,1.87,2.352
19640.0,39.226,38.882,-8.738,19640.0,-3.842,1.454,2.164
19650.0,39.226,24.784,-27.096,19650.0,-4.0,1.172,2.278
19660.0,39.226,18.598,-29.706,19660.0,-3.624,0.934,2.262
19670.0,39.226,11.708,-25.278,19670.0,-2.772,0.614,1.89
19680.0,34.356,32.114,-11.768,19680.0,-2.198,0.312,1.482
19690.0,31.902,27.344,13.764,19690.0,-2.34,0.008,1.208
19700.0,27.392,7.922,-9.478,19700.0,-2.8,-0.35,0.954
19710.0,31.578,-15.224,-14.956,19710.0,-3.074,-0.678,0.616
19720.0,29.522,-5.584,-23.654,19720.0,-3.236,-0.926,0.178
19730.0,23.098,12.114,-21.148,19730.0,-3.43,-1.132,-0.232
19740.0,19.266,29.22,-19.094,19740.0,-3.566,-1.334,-0.64
19750.0,12.19,32.884,-18.47,19750.0,-3.636,-1.56,-1.002
19760.0,6.462,27.398,-16.434,19760.0,-3.616,-1.752,-1.276
19770.0,4.792,19.754,-14.238,19770.0,-3.566,-1.888,-1.556
19780.0,5.786,13.028,-10.592,19780.0,-3.46,-2.048,-1.888
19790.0,6.532,9.566,-9.578,19790.0,-3.158,-2.314,-2.23
19800.0,6.588,7.27,-9.114,19800.0,-2.738,-2.62,-2.588
19810.0,7.252,4.506,-6.454,19810.0,-2.476,-2.87,-2.9
19820.0,6.832,2.88,-4.874,19820.0,-2.524,-3.054,-3.11
19830.0,4.836,3.62,-4.67,19830.0,-2.83,-3.088,-3.28
19840.0,2.666,6.118,-2.682,19840.0,-3.238,-3.078,-3.472
19850.0,0.998,8.372,-0.252,19850.0,-3.386,-3.248,-3.752
19860.0,-0.47,9.426,1.564,19860.0,-3.096,-3.678,-4.092
19870.0,-1.494,9.74,1.826,19870.0,-2.452,-4.312,-4.376
19880.0,-2.17,9.112,1.842,19880.0,-1.596,-4.836,-4.6
19890.0,-2.474,7.618,2.59,19890.0,-1.022,-5.026,-4.826
19900.0,-2.432,6.234,2.7,19900.0,-1.416,-4.958,-4.95
19910.0,-1.71,5.066,2.48,19910.0,-2.806,-4.562,-4.778
19920.0,-0.614,3.974,2.524,19920.0,-3.918,-4.118,-4.674
19930.0,-0.3,2.998,2.976,19930.0,-4.396,-3.946,-5.004
19940.0,-0.924,1.944,3.636,19940.0,-4.52,-3.926,-5.316
19950.0,-1.442,0.888,3.69,19950.0,-4.088,-3.936,-5.364
19960.0,-1.044,-0.048,3.612,19960.0,-3.498,-3.936,-5.476
19970.0,0.508,-0.736,3.992,19970.0,-2.878,-3.988,-5.708
19980.0,2.576,-0.91,4.484,19980.0,-2.076,-4.14,-5.998
19990.0,4.084,-0.622,4.768,19990.0,-1.382,-4.27,-6.266
20000.0,4.5,-0.694,5.002,20000.0,-1.196,-4.176,-6.386
20010.0,3.636,-1.884,4.484,20010.0,-1.598,-3.866,-6.332
20020.0,1.702,-3.982,3.8,20020.0,-2.396,-3.552,-6.114
20030.0,0.67,-6.104,4.256,20030.0,-3.272,-3.312,-5.828
20040.0,2.368,-6.78,5.334,20040.0,-4.084,-2.91,-5.532
20050.0,6.074,-5.482,6.608,20050.0,-4.804,-2.316,-5.182
20060.0,9.902,-3.598,8.7,20060.0,-5.43,-1.724,-4.836
20070.0,12.95,-2.914,11.078,20070.0,-5.796,-1.236,-4.48
20080.0,13.528,-1.99,10.3,20080.0,-5.732,-0.896,-4.146
20090.0,12.188,-0.808,6.826,20090.0,-5.356,-0.724,-3.936
20100.0,11.814,-1.38,4.06,20100.0,-4.968,-0.628,-3.874
20110.0,13.248,-3.278,2.29,20110.0,-4.726,-0.522,-3.924
20120.0,14.85,-5.658,3.062,20120.0,-4.592,-0.338,-4.044
20130.0,16.366,-7.896,4.568,20130.0,-4.524,-0.072,-4.194
20140.0,17.964,-9.312,5.158,20140.0,-4.538,0.202,-4.36
20150.0,19.946,-9.572,6.048,20150.0,-4.638,0.458,-4.52
20160.0,22.05,-8.942,7.77,20160.0,-4.866,0.642,-4.612
20170.0,22.902,-7.974,9.17,20170.0,-5.306,0.848,-4.624
20180.0,21.982,-7.326,9.794,20180.0,-5.894,1.11,-4.642
20190.0,20.654,-6.468,9.408,20190.0,-6.508,1.408,-4.608
