70320.0,8.34,-4.508,2.46,70320.0,0.21,0.138,0.386
70330.0,8.338,-4.406,2.528,70330.0,0.068,0.16,0.5
70340.0,8.344,-4.344,2.588,70340.0,-0.004,0.184,0.61
70350.0,8.312,-4.244,2.588,70350.0,0.054,0.208,0.68
70360.0,8.29,-4.102,2.582,70360.0,0.218,0.196,0.736
70370.0,8.284,-4.024,2.674,70370.0,0.392,0.152,0.808
70380.0,8.24,-4.04,2.706,70380.0,0.506,0.104,0.844
70390.0,8.25,-4.158,2.746,70390.0,0.554,0.07,0.83
70400.0,8.31,-4.172,2.862,70400.0,0.572,0.078,0.824
70410.0,8.376,-4.09,3.048,70410.0,0.582,0.086,0.918
70420.0,8.454,-4.02,3.12,70420.0,0.572,0.052,1.138
70430.0,8.374,-3.932,3.082,70430.0,0.536,0.0,1.442
70440.0,8.228,-3.876,3.03,70440.0,0.546,0.002,1.766
70450.0,8.21,-3.936,3.04,70450.0,0.682,0.06,2.028
70460.0,8.22,-3.932,3.108,70460.0,0.968,0.112,2.154
70470.0,8.136,-3.858,3.16,70470.0,1.366,0.162,2.216
70480.0,8.096,-3.948,3.344,70480.0,1.532,0.178,2.41
70490.0,8.174,-4.258,3.62,70490.0,1.416,0.15,2.696
70500.0,8.09,-4.54,3.652,70500.0,1.252,0.128,2.972
70510.0,7.974,-4.842,3.628,70510.0,1.178,0.12,3.202
70520.0,7.91,-5.264,3.512,70520.0,1.182,0.13,3.422
70530.0,7.962,-5.732,3.48,70530.0,1.16,0.126,3.684
70540.0,8.102,-5.894,3.616,70540.0,1.126,0.008,3.974
70550.0,8.272,-5.796,3.73,70550.0,1.164,-0.21,4.25
70560.0,8.388,-5.642,4.094,70560.0,1.33,-0.444,4.452
70570.0,8.48,-5.818,4.516,70570.0,1.572,-0.672,4.582
70580.0,8.626,-6.668,4.98,70580.0,1.816,-0.924,4.688
70590.0,8.968,-7.884,5.54,70590.0,2.068,-1.188,4.784
70600.0,9.658,-8.906,5.77,70600.0,2.188,-1.44,4.854
70610.0,10.418,-9.444,5.764,70610.0,2.244,-1.6,4.89
70620.0,10.526,-9.064,5.378,70620.0,2.194,-1.696,4.954
70630.0,9.716,-7.9,4.72,70630.0,2.174,-1.78,5.012
70640.0,8.716,-7.556,5.062,70640.0,2.292,-1.884,4.97
70650.0,7.89,-8.044,6.226,70650.0,2.584,-2.04,4.82
70660.0,7.612,-8.504,6.81,70660.0,3.118,-2.238,4.56
70670.0,7.77,-8.88,6.83,70670.0,3.812,-2.464,4.202
70680.0,7.896,-9.524,6.942,70680.0,4.41,-2.68,3.824
70690.0,7.792,-10.722,7.47,70690.0,4.79,-2.796,3.422
70700.0,7.27,-11.77,7.778,70700.0,5.21,-2.78,2.924
70710.0,6.426,-12.144,6.712,70710.0,6.022,-2.702,2.276
70720.0,5.342,-12.036,5.674,70720.0,6.974,-2.68,1.528
70730.0,4.248,-11.77,5.674,70730.0,7.804,-2.6,0.714
70740.0,3.312,-11.304,6.264,70740.0,8.678,-2.59,-0.322
70750.0,2.674,-10.37,6.27,70750.0,9.66,-2.646,-2.488
70760.0,2.328,-9.14,6.532,70760.0,9.986,-2.498,-6.522
70770.0,2.246,-7.65,7.25,70770.0,9.518,-2.252,-10.79
70780.0,2.342,-6.546,8.428,70780.0,7.868,-2.258,-13.558
70790.0,2.31,-5.784,9.404,70790.0,4.916,-2.642,-14.998
70800.0,2.072,-5.344,9.864,70800.0,2.072,-2.378,-15.994
70810.0,1.962,-5.186,10.2,70810.0,1.028,-1.648,-17.502
70820.0,2.268,-4.6,10.588,70820.0,-1.326,-2.586,-17.85
70830.0,3.014,-3.784,11.51,70830.0,-4.112,-2.34,-14.616
70840.0,4.41,-3.44,13.576,70840.0,-7.332,0.354,-12.804
70850.0,6.55,-3.484,16.382,70850.0,-10.754,1.742,-12.06
70860.0,9.22,-2.916,18.804,70860.0,-11.928,2.916,-8.564
70870.0,11.872,-0.732,20.028,70870.0,-11.62,3.456,-6.468
70880.0,13.33,2.766,19.994,70880.0,-6.618,2.232,-7.18
70890.0,12.95,7.564,19.592,70890.0,-5.372,2.302,-5.958
70900.0,11.142,15.42,17.158,70900.0,-5.704,3.362,-2.116
70910.0,7.142,25.546,10.824,70910.0,-6.374,4.352,-0.546
70920.0,2.822,33.108,11.976,70920.0,3.932,1.984,-2.548
70930.0,3.55,36.602,20.416,70930.0,6.874,0.132,-7.936
70940.0,10.456,37.566,23.814,70940.0,-0.988,-1.64,-9.58
70950.0,20.576,38.68,18.89,70950.0,-10.002,-3.238,-3.708
70960.0,31.806,38.812,14.772,70960.0,-15.676,-2.784,2.76
70970.0,39.06,35.754,11.744,70970.0,-16.53,-2.292,4.482
70980.0,39.226,22.848,15.416,70980.0,-14.138,-1.974,3.578
70990.0,39.226,5.97,6.244,70990.0,-8.868,-1.666,2.758
71000.0,39.226,-11.168,-9.042,71000.0,-2.85,-2.148,2.132
71010.0,39.226,-31.928,-6.328,71010.0,2.428,-2.834,1.658
71020.0,39.226,-39.226,-11.012,71020.0,4.98,-2.968,1.686
71030.0,37.666,-39.226,-7.356,71030.0,4.604,-2.494,2.132
71040.0,19.748,-33.662,-32.138,71040.0,2.986,-1.714,2.592
71050.0,8.578,-21.686,-30.892,71050.0,1.348,-1.104,2.78
71060.0,14.994,-23.148,-10.464,71060.0,-0.278,-0.826,2.716
71070.0,11.138,-14.958,-6.486,71070.0,-1.546,-0.81,2.554
71080.0,-0.438,24.168,-24.274,71080.0,-2.182,-0.96,2.33
71090.0,-6.336,38.812,-22.788,71090.0,-2.31,-1.286,2.056
71100.0,-1.376,36.146,-6.06,71100.0,-1.934,-1.76,1.698
71110.0,13.97,19.056,-1.41,71110.0,-1.332,-2.246,1.3
71120.0,19.088,3.816,-10.986,71120.0,-0.876,-2.594,0.936
71130.0,10.858,-3.226,-23.472,71130.0,-0.688,-2.788,0.61
71140.0,5.42,-13.192,-29.09,71140.0,-0.754,-2.876,0.25
71150.0,7.77,-28.366,-29.024,71150.0,-1.14,-2.852,-0.14
71160.0,10.354,-38.374,-21.042,71160.0,-1.698,-2.768,-0.51
71170.0,10.67,-31.616,-16.662,71170.0,-2.114,-2.768,-0.854
71180.0,11.88,-19.388,-11.416,71180.0,-2.438,-2.936,-1.134
71190.0,13.628,-12.894,-4.538,71190.0,-2.668,-3.222,-1.296
71200.0,14.408,-9.388,0.336,71200.0,-2.692,-3.532,-1.424
71210.0,13.71,-6.764,1.512,71210.0,-2.412,-3.708,-1.632
71220.0,11.838,-5.856,2.13,71220.0,-1.936,-3.554,-1.906
71230.0,9.55,-6.496,2.32,71230.0,-1.438,-3.112,-2.17
71240.0,7.172,-8.202,2.096,71240.0,-1.152,-2.686,-2.336
71250.0,4.938,-10.31,2.01,71250.0,-1.19,-2.492,-2.414
71260.0,3.082,-11.752,1.936,71260.0,-1.492,-2.41,-2.468
71270.0,2.204,-12.41,2.542,71270.0,-1.998,-2.338,-2.486
71280.0,2.476,-12.384,4.128,71280.0,-2.502,-2.274,-2.488
71290.0,3.488,-11.534,5.434,71290.0,-2.794,-2.146,-2.456
71300.0,4.446,-9.768,6.052,71300.0,-2.91,-1.83,-2.314
71310.0,5.224,-8.028,7.342,71310.0,-2.834,-1.428,-2.162
71320.0,5.79,-6.892,9.022,71320.0,-2.592,-1.04,-2.188
71330.0,5.676,-6.336,9.336,71330.0,-2.438,-0.658,-2.35
71340.0,5.086,-6.792,8.724,71340.0,-2.408,-0.232,-2.342
71350.0,4.988,-8.302,8.37,71350.0,-2.466,0.058,-1.988
71360.0,5.656,-9.914,8.366,71360.0,-2.618,0.154,-1.432
71370.0,6.68,-10.538,8.138,71370.0,-2.656,0.202,-1.176
71380.0,8.252,-10.342,9.456,71380.0,-2.288,0.29,-1.402
71390.0,10.07,-9.954,11.044,71390.0,-1.69,0.448,-1.688
71400.0,10.71,-9.686,11.08,71400.0,-1.33,0.558,-1.694
71410.0,9.71,-8.772,10.69,71410.0,-1.176,0.55,-1.686
71420.0,8.256,-7.044,10.382,71420.0,-1.522,0.546,-1.554
71430.0,7.526,-5.878,10.534,71430.0,-2.646,0.762,-0.972
71440.0,7.292,-5.662,10.224,71440.0,-3.36,0.804,-0.646
71450.0,7.62,-6.32,9.5,71450.0,-2.88,0.726,-0.808
71460.0,9.42,-8.126,10.408,71460.0,-1.806,0.696,-0.854
71470.0,11.414,-9.802,10.416,71470.0,-0.568,0.784,-0.756
71480.0,12.042,-9.878,8.742,71480.0,0.99,0.814,-1.05
71490.0,11.844,-8.332,8.142,71490.0,2.286,0.808,-1.394
71500.0,11.406,-6.634,6.972,71500.0,2.646,0.89,-1.186
71510.0,11.0,-6.578,6.766,71510.0,2.258,0.842,-0.69
71520.0,10.74,-8.764,7.626,71520.0,1.38,0.77,-0.266
71530.0,9.896,-10.7,7.172,71530.0,0.49,0.756,0.01
71540.0,8.614,-9.986,5.678,71540.0,-0.076,0.736,0.18
71550.0,8.26,-8.214,5.09,71550.0,-0.24,0.74,0.274
71560.0,8.522,-6.808,5.254,71560.0,-0.006,0.774,0.3
