維度,動作,資料比例,Scratch_mean,Scratch_std,Transfer_mean,Transfer_std,測試方式
擊球時機正確度,挑球,10%,0.3611111111111111,0.10393492741038726,0.25,0.2453266907313291,subject-based split
擊球時機正確度,挑球,20%,0.4166666666666667,0.18002057495577392,0.13888888888888887,0.10393492741038726,subject-based split
擊球時機正確度,挑球,30%,0.4444444444444444,0.10393492741038728,0.5277777777777778,0.039283710065919325,subject-based split
擊球時機正確度,挑球,40%,0.5555555555555557,0.039283710065919325,0.4444444444444444,0.10393492741038728,subject-based split
擊球時機正確度,挑球,50%,0.6111111111111112,0.03928371006591927,0.4444444444444445,0.19641855032959654,subject-based split
擊球時機正確度,平推,10%,0.19444444444444442,0.10393492741038726,0.2222222222222222,0.03928371006591931,subject-based split
擊球時機正確度,平推,20%,0.3333333333333333,0.06804138174397717,0.27777777777777773,0.14163943093313291,subject-based split
擊球時機正確度,平推,30%,0.3055555555555556,0.07856742013183862,0.3055555555555555,0.0392837100659193,subject-based split
擊球時機正確度,平推,40%,0.3611111111111111,0.039283710065919325,0.3055555555555555,0.14163943093313291,subject-based split
擊球時機正確度,平推,50%,0.3333333333333333,0.11785113019775792,0.16666666666666666,0.13608276348795434,subject-based split
