file_name,stroke_type,trajectory,speed_flow,wrist_timing,hit_timing,hit_position,acc_x_mean,acc_x_std,acc_x_max,acc_x_min,acc_y_mean,acc_y_std,acc_y_max,acc_y_min,acc_z_mean,acc_z_std,acc_z_max,acc_z_min,gyro_x_mean,gyro_x_std,gyro_x_max,gyro_x_min,gyro_y_mean,gyro_y_std,gyro_y_max,gyro_y_min,gyro_z_mean,gyro_z_std,gyro_z_max,gyro_z_min
10281挑,挑,5,5,5,5,5,9.519196695652173,5.294552685059998,39.226,-6.958,-2.9442413913043475,4.834507737342644,38.804,-39.226,1.9964553043478261,6.297274515161829,24.618,-39.116,-0.2669292173913044,2.3664058732763444,21.082,-15.136,-0.4140815652173913,1.7495738154213398,5.118,-13.912,-0.02588800000000002,2.31114246048862,8.06,-12.618
10281推,推,5,4,5,5,5,8.13682075471698,5.135541907907201,39.226,-15.518,-2.9026103773584904,7.593353860479462,38.832,-39.226,4.399640754716981,5.218642582200294,27.438,-39.138,0.16804226415094345,2.8224710234497965,9.746,-22.712,0.06305188679245281,1.1580680461751425,7.328,-7.204,-0.17646226415094338,2.5073217007077804,8.622,-15.75
10282挑,挑,4,3,3,3,4,5.71258126984127,6.971344264068237,39.226,-6.99,-7.0018553968253965,5.3339621932565215,35.266,-39.226,0.9217709523809524,5.923982969862399,18.468,-39.108,-0.10062920634920634,2.6015285375560304,30.894,-12.244,-0.10076111111111112,1.8186149137515066,4.95,-14.838,-0.2035347619047619,1.9451364325751788,14.524,-5.978
10282推,推,5,3,3,3,4,4.220469814814815,4.613503696398372,39.226,-9.492,-6.485807407407408,6.568834813804974,38.784,-39.226,4.465741851851852,3.787577061143479,30.2,-32.688,0.03676796296296296,2.0929618490823882,7.328,-18.016,-0.2510238888888889,0.8214195924353938,7.554,-4.606,-0.18201055555555554,1.8208973146856253,6.452,-12.772
10283挑,挑,5,5,4,4,5,7.83110962264151,5.378250038047363,39.226,-13.898,-6.171611698113208,5.703104316748223,38.716,-39.226,0.037587735849056635,6.300504648090049,39.226,-39.068,-0.23250867924528304,3.513977949066904,34.888,-15.43,-0.4529162264150944,1.5425055967486323,3.64,-12.148,-0.1474007547169811,2.092527133738866,6.718,-11.872
10283推,推,5,5,5,5,5,7.6792856,5.294669506062927,39.226,-33.974,-3.7187487999999997,7.79709353080355,38.656,-39.226,5.119526000000001,4.816618814658681,38.028,-39.038,0.09206379999999999,2.257511690053799,13.588,-13.584,-0.2127674,1.4436481106894574,8.788,-12.852,0.0549126,2.3124152724718887,6.526,-16.188
10284挑補,挑,3,5,3,4,4,9.463555869565216,6.5022816214711945,39.226,-6.802,-5.516746521739131,6.9016016784455685,36.138,-39.226,0.32372260869565217,5.455975108599998,15.25,-35.342,-0.21386347826086957,2.0673101158933216,20.092,-12.564,-0.427384347826087,1.2874028780990114,2.634,-8.268,-0.12764891304347828,2.71175170832573,9.714,-9.824
10284推補,推,5,5,5,5,5,6.573702380952381,8.058436469758709,39.226,-28.494,-5.043011428571429,6.066277041219085,38.824,-39.226,2.096408095238095,5.640062715721147,39.226,-39.176,-0.14331047619047615,1.8121430766557043,14.706,-21.302,0.0837545238095238,1.6891110432437848,5.764,-11.22,-0.12373333333333332,2.8272838418210195,6.118,-15.06
10285挑補,挑,4,5,2,4,4,8.779396421052631,5.880535615482285,39.226,-4.12,-4.850026315789473,5.890331962528187,35.162,-26.254,-0.6270705263157895,7.362328452822283,18.628,-39.206,-0.553774105263158,3.038761220858365,29.722,-9.278,-0.48952484210526315,2.4754524848927755,5.334,-15.178,-0.16188252631578948,2.079549140328749,7.766,-6.512
10285推,推,5,5,5,5,5,6.649220599999999,6.724747053691733,39.226,-18.478,-5.1466466,5.123715988294866,38.636,-39.226,4.1176064,6.937005535551996,39.226,-39.108,-0.2131838,1.780772181672198,15.606,-7.3,0.0177124,2.4896826489507133,5.746,-16.91,0.09240400000000001,1.7225204319206202,6.706,-9.06
10286挑,挑,4,5,4,3,3,7.871037169811322,8.456590482104158,39.226,-28.476,-5.787036603773585,9.785671154014384,38.646,-39.226,-0.9636601886792455,10.127259883591973,37.808,-39.116,-0.07697924528301887,5.611887335736812,34.906,-19.13,-0.18008264150943395,3.6859110516556894,13.632,-29.094,-0.503685283018868,2.4188659001358497,16.284,-12.244
10286推,推,4,3,2,2,4,4.718808141592921,7.246414718383221,39.226,-38.892,-5.6578283185840705,6.7670668937384395,38.646,-39.226,4.94113203539823,8.58871196025312,39.226,-39.116,0.04282637168141593,2.3006643634428814,34.906,-28.87,0.011041769911504424,3.2869042581354693,17.84,-26.99,0.19062530973451325,1.6559762388093042,18.742,-16.052
10287挑,挑,5,4,3,4,5,11.838383177570094,8.489201547281771,39.226,-11.952,-3.147784485981308,6.646580817703489,38.636,-39.226,-0.41320168224299064,6.240543157351251,25.514,-39.108,-0.6256957009345795,3.6294835218838477,34.51,-17.106,-1.0010405607476636,3.3039430760749506,9.522,-23.186,-0.3541532710280374,2.3529730048504,11.07,-11.18
10287推,推,5,5,5,5,5,9.885512499999999,5.370440808619178,39.226,-33.634,-2.881188846153846,8.119348822299932,38.636,-39.226,-0.024755000000000044,6.545951821720252,29.878,-39.108,-0.31499134615384616,2.5187629628454586,14.308,-20.168,0.23072788461538463,2.0448767227727527,16.302,-16.888,-0.2989240384615385,3.712351579990857,10.27,-19.598
10288挑,挑,2,2,1,3,4,8.572699814814815,4.978093707460641,39.226,-7.192,-5.321407037037037,5.886485264811199,38.636,-39.226,0.0467907407407408,6.452274660802405,22.664,-39.108,-0.02230537037037036,2.422390525540921,22.702,-13.816,-0.19196407407407412,1.3655421219638286,5.334,-8.22,-0.027346481481481475,1.9490002071210741,6.97,-8.46
10288推,推,5,5,5,5,5,8.299276603773585,5.696483041224827,39.226,-12.474,-4.106627358490566,6.131119997902951,32.692,-39.226,2.3871188679245288,5.097402376888463,38.544,-30.338,0.05634245283018868,1.4210741741325243,11.41,-15.412,0.009402264150943383,1.5233396267940091,5.344,-9.408,-0.019491886792452832,2.094082107995891,6.358,-12.076
10301挑,挑,5,4,5,5,5,6.012189902912621,7.093631288825277,39.226,-9.75,-5.08952640776699,6.198432505498867,33.348,-38.09,1.314710873786408,7.112708493976786,25.296,-39.176,-0.29950912621359216,2.8379744850988446,24.67,-11.254,-0.386438640776699,2.248566118430475,3.722,-13.004,-0.250301359223301,1.5030920307392823,7.882,-6.68
10301推,推,5,4,4,4,5,0.5854184466019416,7.800957734035188,39.226,-16.84,-7.391816310679611,5.249402723791488,23.706,-34.962,2.4743778640776704,5.316933637809412,22.228,-31.5,0.006782718446601944,0.9362858047244614,6.8,-7.708,0.06675281553398059,1.9952504456437512,5.342,-12.328,-0.07971533980582525,2.073420343423391,6.122,-11.398
10302挑,挑,3,4,2,2,4,9.81694514851485,4.499342018139901,39.226,-0.498,-5.23855504950495,4.554883108741243,25.04,-31.13,0.9979714851485147,4.31634909460688,17.628,-22.366,-0.28659980198019797,1.5902856497379134,14.528,-7.558,-0.3835554455445545,1.7691637315144095,2.892,-11.688,-0.19206910891089105,2.1916393313655225,12.386,-7.192
10302推,推,5,4,5,5,5,3.322334901960785,4.4195758252678115,39.226,-22.746,-6.762470588235294,6.896591324997945,36.11,-39.226,4.20035,3.76006548287915,31.458,-32.992,0.05370803921568629,2.3781455094612407,8.782,-21.328,-0.10866921568627451,0.6313215479106091,4.874,-4.096,-0.09210372549019608,1.6531210332028001,4.004,-10.406
10303挑,挑,5,4,5,5,5,7.896568867924529,7.134681915016587,39.226,-9.32,-5.390361320754717,4.83368008617503,38.716,-25.234,0.052132641509433954,5.769985843623343,16.124,-36.606,-0.4529060377358491,3.68103272427845,29.484,-11.722,-0.06770358490566038,2.5906611062834504,6.764,-12.082,0.1431533962264151,2.1903753976219082,11.246,-6.57
10303推,推,5,5,5,5,5,5.594589607843137,7.021968570487312,39.226,-17.806,-5.4473249019607834,5.716247001785272,31.326,-39.226,2.9639674509803924,6.0347133383937654,34.494,-36.498,0.18618666666666667,2.555898481762749,22.49,-9.476,0.07408411764705883,2.8281657246111656,9.79,-17.36,0.10276960784313725,2.0899577510172547,6.562,-11.116
10304挑,挑,5,5,4,4,4,6.214728247422681,9.574059487816735,39.226,-15.152,-5.780653608247423,6.824045125363873,32.418,-39.226,1.8887723711340207,9.016115745589994,18.516,-39.226,-0.3933369072164949,2.976478806936648,20.028,-11.966,-0.5116441237113403,2.8388595603976863,5.942,-18.57,-0.34593752577319586,2.529806744384247,14.338,-7.15
10304推,推,5,3,5,3,4,1.7740403883495148,7.48259772029779,39.226,-38.862,-5.258592815533981,9.56096047200335,38.726,-39.226,6.160640388349515,8.375648946890816,39.184,-39.226,-0.013831650485436888,2.2745085431841456,14.4,-24.142,0.010017669902912633,2.039120457851748,7.868,-22.36,-0.059066213592233005,2.3362896774533297,7.058,-20.772
10305挑,挑,2,5,3,5,1,0.9887633962264151,8.861691740904279,39.226,-25.554,-4.90411037735849,6.5500303667080795,38.726,-39.226,4.402139245283018,8.768298374636236,39.204,-39.226,-0.05233075471698114,3.808152097658811,34.906,-19.46,0.08162358490566037,2.8442718334334045,10.826,-23.088,-0.13544622641509435,2.4883341975341327,13.022,-14.43
10305推,推,5,4,4,3,5,0.05522243243243252,10.219495305581097,39.226,-32.052,-3.581646216216216,8.514749393764964,38.726,-39.226,4.874567567567567,9.209519751074678,39.204,-39.226,0.2717664864864865,4.7240447317562095,34.906,-16.49,0.2679221621621622,4.025461591446569,21.794,-32.492,0.11839162162162162,2.4597194007480385,17.486,-19.598
110110挑,挑,4,2,2,2,1,10.454421224489797,5.166709719090616,39.226,-2.34,-3.202411020408163,3.4079231251571085,32.34,-20.99,-0.7438367346938776,5.282691152638091,37.686,-29.38,-0.5136516326530611,2.889834614692136,16.044,-12.808,-0.6962608163265306,2.450401743599622,4.8,-13.796,-0.2611295918367347,1.8421978502681209,8.92,-8.39
110110推,推,4,3,3,2,3,9.224904423076923,7.1040520797924565,39.226,-25.512,-2.7514426923076925,4.2739982513432375,38.832,-24.842,-0.12789403846153846,5.267075728005188,27.516,-36.754,-0.3309715384615385,2.070967723617841,13.834,-15.226,-0.15579826923076925,2.0708520570038322,5.27,-15.084,-0.07265173076923076,2.235841457383483,8.682,-12.188
110111挑,挑,3,3,2,4,4,8.339473207547169,6.114932571948021,39.226,-7.494,-5.677092452830189,4.430544416794433,31.114,-32.182,-2.2102375471698115,5.431502584259408,9.178,-36.23,-0.4643220754716981,2.194703057415662,14.056,-10.406,-0.42929283018867925,2.296714819760408,5.47,-12.446,-0.23786830188679242,2.7782222462980566,10.27,-10.08
110111推,推,5,4,3,3,4,1.051846126126126,7.2409867798064536,39.226,-24.904,-8.220284144144145,4.387068549991574,31.14,-39.226,-2.033247927927928,4.970920622056241,27.634,-38.746,-0.21929369369369367,1.4402199276048573,10.784,-11.252,0.020918558558558557,1.687384025841358,4.318,-10.748,-0.038948648648648644,1.8323417510110318,5.82,-13.254
110112挑,挑,5,4,3,4,4,-7.8084022,6.811066050262261,18.182,-38.932,6.3698474,5.893821178379374,38.812,-17.646,-0.9209075999999999,6.518910005596199,21.856,-39.226,0.2999538,2.1353653691735195,10.07,-15.908,0.5808544,2.4488146875581744,14.668,-4.752,-0.318653,2.9998443508273893,8.934,-12.492
110112推,推,5,5,5,5,5,-4.665675229357798,7.071299712686072,39.226,-38.932,4.515035045871559,8.9325800644371,38.812,-39.226,-3.1127910091743116,8.30802361134091,39.214,-39.226,0.16509229357798164,3.768865354467542,34.906,-34.906,-0.2755702752293578,2.761954835628602,32.778,-30.294,-0.13740678899082567,3.8240716210556367,24.968,-33.278
110113挑,挑,5,5,3,5,4,-8.596675463917526,7.540010229520532,14.508,-38.852,5.015713195876288,6.014262213625063,38.744,-39.226,-3.0588985567010307,8.68418740399166,25.384,-39.226,0.7064255670103093,4.629026446901035,11.016,-34.906,0.6540940206185567,3.3468817534493946,19.42,-6.308,-0.38237608247422683,2.2729821161222223,10.83,-10.75
110113推,推,4,4,5,3,4,-8.188643921568628,6.464496902817843,21.52,-38.852,5.65563137254902,6.394680583462004,38.744,-39.226,-0.7300292156862744,8.172810082957245,39.176,-39.226,0.28555882352941175,3.172199505735232,11.004,-34.652,0.020805490196078434,2.4398053645870807,19.1,-7.948,-0.17937117647058826,2.669575481172804,8.456,-17.136
110114挑,挑,3,3,3,3,4,7.834313265306123,9.12293359358081,39.226,-10.356,-4.933070408163266,6.992031358445961,38.764,-39.226,2.4242118367346936,8.210727663446672,24.65,-39.226,-0.3503432653061225,3.9411070107171704,34.906,-10.004,-0.5858544897959184,2.1535339991180527,11.738,-13.054,0.0893438775510204,2.4730893843475856,15.314,-7.346
110114推,推,4,3,4,4,5,4.503624,6.756166432667029,39.226,-21.848,-6.6867896363636365,5.3049380168191025,35.9,-39.226,3.9420096363636365,8.706032186702915,39.204,-39.226,-0.0375369090909091,1.853689442583846,23.54,-10.156,0.015581090909090906,2.7260528377068773,8.64,-17.392,-0.3043085454545454,1.6094469940379783,6.54,-11.698
110115挑,挑,1,2,1,3,3,5.083704,9.553433814685901,39.226,-21.444,-7.520974799999999,6.736285146886596,38.784,-39.226,1.083258,10.419600858566321,37.972,-39.214,-0.24483320000000003,3.18164380020419,30.014,-18.176,0.07630120000000001,2.9089342017444397,5.646,-19.142,-0.43595599999999995,2.466754268034009,17.574,-14.882
110115推,推,4,5,5,5,5,5.1064636734693885,9.78981593421568,39.226,-18.364,-6.491559591836735,7.144737417685363,36.124,-39.226,3.474848571428571,9.941781673400357,39.214,-39.226,-0.09877897959183675,3.4142493449537814,34.024,-13.912,0.36100857142857146,3.7095943886211864,8.734,-22.752,-0.22007428571428572,2.6944197200790785,19.242,-12.404
110116挑,挑,4,3,2,3,4,3.3155181818181823,7.8684068921360995,39.226,-13.272,-7.499611090909092,5.636680320093693,22.256,-35.838,-0.5839163636363637,8.608478921510807,26.966,-39.224,-0.16268981818181816,1.9502223811112516,11.366,-9.444,-0.28327163636363634,2.370298103468126,3.73,-17.318,-0.4369698181818181,1.8506903277617452,5.608,-8.214
110116推,推,5,5,5,5,5,-1.9833341379310345,8.301777775048116,39.226,-20.426,-4.21921275862069,6.854129929811206,38.764,-39.226,4.661609482758621,5.339194121379381,30.09,-33.394,0.06679413793103449,1.4429328393934762,11.552,-9.06,0.07472293103448277,1.4450671815160905,5.582,-11.896,-0.15130827586206894,1.5058049123082013,4.222,-11.182
110117挑,挑,1,2,1,3,2,4.583345142857143,3.006467379202665,23.374,-15.024,6.9555664761904765,5.204537827727606,38.764,-20.054,4.33090780952381,2.3418496368054202,14.984,-11.334,0.060335999999999994,1.2424727362953818,6.378,-8.42,-0.06647961904761904,0.5617928078197069,3.282,-3.478,-0.005492761904761903,1.4232933599310442,3.942,-9.036
110117推,推,2,2,3,2,3,3.2487972881355938,4.349744216862439,39.226,-38.902,6.152955593220338,3.8132416968644938,35.684,-23.832,6.107572033898306,3.6556693191647276,27.124,-13.904,0.038641355932203386,1.1315418029014286,7.314,-5.288,-0.0037762711864406822,0.7488082097774862,4.474,-3.256,-0.020522033898305078,0.8322869701617033,6.458,-4.042
110118挑,挑,1,1,1,2,2,5.217212833333334,3.6865224712053464,39.226,-12.726,-6.772500333333333,3.1678891840361496,9.98,-33.108,2.1611748333333334,4.752231914595495,26.03,-24.666,-0.11665433333333332,1.2474162135582048,9.844,-8.96,-0.040558999999999984,1.8616920268541555,4.41,-10.888,-0.33373949999999997,0.9103091114962452,5.538,-4.294
110118推,推,4,4,3,2,4,-1.4758129729729728,5.639030268589266,39.226,-21.218,-8.91576864864865,2.757334090569566,15.372,-28.664,1.388204144144144,4.612153926677883,17.606,-29.592,-0.14971675675675677,1.0491855421017042,4.952,-6.678,0.08138612612612613,1.4039352138829229,2.864,-10.512,-0.05230756756756757,0.9505057924274988,4.24,-6.582
110119挑,挑,5,5,4,5,4,8.66192964912281,8.971611278954565,39.226,-13.838,-6.361750701754386,8.155496375566939,38.824,-39.226,-0.4024778947368421,7.5358057112881625,20.716,-39.226,-0.43821421052631576,2.89901837555976,27.444,-11.066,-0.22774456140350877,2.2470289011984916,6.278,-16.328,-0.057412280701754366,3.2693032738935814,14.1,-10.982
110119推,推,5,5,5,5,5,6.555226727272728,6.835585055990865,39.226,-19.64,-5.795569090909091,6.1131526858487,24.404,-39.226,3.3257530909090907,7.771326371320494,39.184,-39.226,0.10800581818181818,1.2227605819183989,15.192,-7.026,0.11322309090909093,2.4363084809256907,6.952,-16.0,-0.132218,2.6294780660330153,6.844,-13.954
11011挑,挑,5,5,5,5,5,6.79737868852459,5.558505798887605,39.226,-14.566,-6.349016393442623,4.073110096807459,38.754,-38.246,-0.742384918032787,7.80351434486582,18.298,-39.226,-0.44020032786885244,2.8286578855194504,30.046,-6.578,-0.6257444262295082,2.4155984921625087,3.87,-14.836,-0.1714722950819672,1.3924742024462569,7.334,-6.874
11011推,推,5,5,5,5,5,5.091274953271028,4.491469994896426,39.226,-9.158,-6.288427476635514,6.790192620123911,38.754,-35.83,4.059634953271027,3.2036629792605855,35.68,-38.316,0.0383211214953271,2.4086651942523023,9.11,-14.918,-0.4171317757009346,1.2121179660287789,4.854,-10.84,-0.23356915887850468,2.250289954023629,4.9,-16.062
110120挑,挑,2,2,3,2,2,9.179766324786325,7.200565999815819,39.226,-10.15,-4.282455213675214,6.3614350723819335,38.842,-34.926,-0.4404584615384615,8.459142013375978,39.204,-39.226,-0.11186837606837606,3.295720589524179,34.906,-8.97,-0.22265982905982906,2.276890762596342,4.88,-21.006,-0.32885760683760684,1.6649411350384105,6.518,-11.998
110120推,推,4,2,4,4,4,3.4839570588235294,10.475813780740104,39.226,-19.646,-4.470428529411765,8.103149334193768,38.842,-39.226,0.2062552941176471,7.91311400692481,35.922,-39.226,-0.1682555882352941,2.2091851374960583,19.224,-12.346,0.2792514705882353,2.089657632596408,7.766,-13.0,-0.3112894117647058,3.165456953873969,8.47,-23.438
110121挑,挑,2,4,3,4,4,10.883015849056603,8.571921043520675,39.226,-5.696,-5.570031698113207,8.019741207779086,38.842,-39.226,-0.8248722641509435,6.008898507002522,25.57,-39.224,-0.3627577358490566,2.7723222612416483,25.498,-13.202,-0.43197679245283016,2.869382421593225,10.16,-16.912,-0.11008283018867925,4.085172610695525,19.612,-12.376
110121推,推,5,4,5,4,4,7.216928155339806,7.767943682809779,39.226,-19.916,-6.1242572815533975,5.533673091159761,38.842,-39.226,-0.5413667961165048,7.465709200461062,29.544,-39.224,-0.41136271844660194,2.715970206037948,22.924,-18.4,-0.16896873786407768,3.0863536130284466,6.292,-18.48,0.09009184466019418,2.345688397955368,9.538,-12.684
110122挑,挑,2,3,4,4,4,7.31577137254902,6.868748329299808,39.226,-20.054,-5.700896862745098,5.506207254807261,33.184,-39.226,-0.9631692156862744,3.8082121416328394,19.658,-24.822,0.17937980392156863,1.4162490514556332,13.118,-16.008,0.03584019607843138,1.9865238165394323,5.112,-11.888,0.03250490196078432,3.5138172033285033,15.448,-8.414
110122推,推,4,4,3,2,4,-0.16723708737864082,8.726527443215177,39.226,-20.554,-7.543335533980582,5.782670149297147,38.784,-39.226,1.2482561165048542,6.501207898524799,35.472,-39.214,-0.21224932038834954,1.9867327607153256,15.066,-15.816,0.08741766990291262,2.2406360232439915,5.256,-17.288,0.0533411650485437,1.832182238072764,6.756,-12.92
110123挑,挑,5,5,5,5,5,6.8823271111111115,5.570346844147987,39.226,-4.906,-6.179117333333333,5.479003666240545,29.45,-38.376,3.7181257777777783,5.259515160688605,16.508,-26.612,-0.2332022222222222,2.041507200737173,17.804,-3.742,-0.5557986666666668,1.769559351401234,1.3,-10.462,-0.04005688888888889,2.467294264728805,12.752,-4.584
110123推,推,5,4,5,4,5,3.010911346153846,7.09035921162199,39.226,-31.74,-7.1451832692307695,4.5568944482581815,38.794,-39.226,4.454127692307693,5.575987306353714,30.648,-34.954,-0.06556615384615384,1.0670689810124991,21.592,-10.926,0.06488307692307692,2.0024040736128415,6.488,-15.054,-0.07915346153846155,1.1611313525988427,4.086,-9.288
110124挑,挑,5,5,5,5,5,6.648055,6.490247318269801,39.226,-7.506,-4.135452666666667,5.129874778890113,20.092,-21.286,1.6347106666666666,6.32874318352016,19.646,-27.622,-0.4111886666666667,2.684867531009967,17.622,-14.944,-0.6154623333333334,2.1177199423549586,5.336,-14.214,-0.47596266666666665,1.6324570336171857,5.164,-7.596
110124推,推,5,5,5,5,5,5.331000404040404,5.1359378909599185,39.226,-11.57,-6.583910707070707,5.0063755317954435,11.624,-38.242,1.0346903030303032,6.240336598912285,35.178,-29.832,-0.13776121212121212,2.1134712031193357,9.718,-10.604,0.18977676767676768,2.242791428236556,8.02,-12.468,-0.29032727272727277,1.8005385036131751,4.792,-12.112
110125挑,挑,5,5,5,5,5,2.265528823529412,7.822044388774172,39.226,-17.012,-7.447394117647058,5.9211103510886645,38.716,-39.226,-2.3059839215686275,8.043590612707705,27.832,-39.176,-0.15779372549019607,2.4736342037418173,34.906,-18.678,0.23556666666666665,2.8971379893068554,6.236,-16.248,-0.3645276470588235,1.7315346360111392,12.206,-10.646
110125推,推,5,5,5,5,5,-4.302828737864077,5.432688775678921,39.226,-24.124,-6.257860194174757,5.540354791123245,29.364,-39.226,4.091169126213592,4.849695253095929,26.128,-27.582,0.09184912621359224,1.117141628275238,11.692,-8.114,0.08280834951456312,1.1974016478119247,4.764,-9.0,-0.10196077669902912,1.7091472811764337,3.182,-13.258
110126挑,挑,1,1,1,3,3,6.184831111111111,5.51246136167148,39.226,-3.65,-3.974849777777778,2.960098467072779,20.884,-18.094,-6.174633777777778,6.3942802710697935,14.72,-33.476,-0.08135422222222222,1.2113878402128304,11.016,-5.434,-0.012743111111111111,2.165549520562413,5.738,-13.206,-0.012583111111111116,0.6963015869445021,4.388,-7.032
110126推,推,2,1,1,3,4,-0.9188085714285715,3.4597284216460658,37.96,-25.204,1.640884380952381,3.6795902138254273,26.076,-34.496,9.185197333333333,1.8086901641828919,22.652,-7.214,0.022454857142857138,0.7828734464170946,6.452,-4.858,0.020227619047619043,0.6321102522872984,3.706,-6.552,0.034349142857142856,1.0617253299203628,4.166,-9.052
110127挑,挑,5,4,3,4,4,7.7799324752475245,9.177566862941246,39.226,-28.654,-5.606727722772278,8.190699217720795,38.726,-39.226,1.54656,6.923962923013907,14.328,-39.176,-0.22848930693069308,3.0294889653328956,24.29,-11.612,-0.5436340594059407,2.0370913023736303,6.364,-14.14,-0.11280930693069308,3.2331506396525445,16.744,-9.23
110127推,推,5,5,5,5,5,5.969062142857143,5.979869223999657,39.226,-28.056,-5.225962857142857,7.896221015282681,38.704,-39.226,4.069383392857143,4.433558461988187,34.58,-39.176,0.05981803571428571,2.4135775180875316,13.978,-27.794,-0.13124589285714286,0.7286750894364884,6.4,-4.108,-0.05429535714285714,2.474203259762888,7.098,-15.998
110128挑,挑,4,2,3,4,4,6.778290693069306,6.324393357191473,39.226,-37.5,-8.634250891089108,8.222237762326142,38.716,-39.226,-0.22520396039603965,5.117183374001036,35.192,-38.416,-0.18048772277227723,2.642383079712001,24.578,-17.696,-0.06900178217821783,1.6549890690305737,8.626,-12.436,-0.013095049504950506,2.722033628689783,16.504,-7.336
110128推補,推,3,3,2,2,3,0.6723396261682244,7.103909688753263,39.226,-30.074,-7.2333743925233644,5.867279810299966,33.766,-39.226,3.6474095327102805,6.876887262440787,39.226,-39.196,0.022753644859813075,1.7680044583455399,26.578,-11.854,0.038500000000000006,2.0561589883844147,5.936,-16.238,0.02671794392523364,1.6137393327576888,18.0,-10.726
110129挑,挑,4,4,4,4,4,4.891415339805825,7.146154884422324,39.226,-7.394,-8.18560718446602,4.5445717599597995,36.912,-38.264,-2.2344118446601944,5.123904006749539,25.11,-38.244,-0.21116174757281553,1.7683381646934813,17.88,-11.92,-0.1469366990291262,2.190433318897582,4.124,-11.79,-0.21207456310679612,2.0125487815045595,8.524,-6.386
11012挑,挑,1,1,1,1,1,7.588554086956522,5.318299204995635,39.226,-16.466,-5.794104173913044,4.21899958320226,36.092,-30.292,-2.299405217391304,6.275126926245757,34.998,-38.384,-0.10569895652173913,1.813611500744769,14.092,-10.102,-0.07858191304347827,1.6384671485963287,6.016,-14.18,-0.15188852173913045,1.1010703246933973,6.658,-5.118
11012推,推,3,1,2,2,4,4.85796099009901,6.8749314770347905,39.226,-37.688,-6.910765346534653,5.954603438391351,38.744,-39.226,-1.2288659405940592,5.383780190870745,35.244,-39.214,-0.1301520792079208,2.0886400606165987,24.368,-12.472,-0.12945485148514851,1.5330386847538162,9.516,-15.928,0.029304356435643573,1.4922279568778867,6.99,-10.214
110130挑,挑,2,3,4,2,2,9.535839666666666,7.015277127167528,39.226,-19.16,-3.673892,6.20049772026429,38.774,-39.226,-1.2194206666666667,6.099876440418518,20.824,-39.226,-0.451813,3.3126684627901315,21.404,-11.756,-0.5018043333333333,2.513979802036581,5.26,-18.444,-0.20088199999999998,2.253908303534699,13.484,-7.788
110131挑,挑,3,4,2,4,5,9.482680192307694,6.731048591418037,39.226,-7.772,-3.7029840384615382,4.010744115753699,19.89,-29.004,0.8663474999999999,7.152738438448532,33.504,-38.026,-0.3827034615384615,3.336984238763685,18.822,-10.334,-0.7375588461538463,2.587930523529187,4.552,-18.428,-0.27476384615384614,1.5983848360865294,5.722,-7.936
110131推,推,5,5,5,5,4,9.889221000000001,6.469300562850077,39.226,-38.852,-2.6426583333333333,6.6444622642165125,38.774,-39.226,2.089808,4.911873371651187,39.214,-32.05,0.07729966666666667,3.8622338312864,18.322,-19.864,-0.3187176666666666,1.5709188233709666,8.242,-9.8,-0.43407300000000004,2.7185226511234,4.77,-14.16
110132挑,挑,1,2,1,4,3,6.333361538461539,4.646775152153863,39.226,-13.352,-5.845817307692308,4.386748462972632,35.312,-32.006,-1.4021846153846156,6.403998453231706,25.904,-37.482,-0.09780557692307694,2.611190121876284,22.562,-12.892,-0.17806980769230768,1.3907169468589688,4.148,-9.924,-0.03342942307692308,1.458729963483664,6.552,-9.598
110132推,推,2,3,4,4,4,5.4306428,5.160396955623487,39.226,-15.8,-3.704392999999999,5.557254187271894,29.384,-39.226,5.195824,6.565219909631665,39.204,-39.226,0.0473394,2.0519330803921556,20.804,-12.45,-0.18324920000000003,1.5587440375826171,8.516,-13.028,-0.1723942,1.7796542532206532,7.97,-12.876
110133挑,挑,3,4,3,4,4,10.630911224489795,8.116826248682584,39.226,-7.902,-3.2626426530612247,7.460171163029098,38.794,-36.982,-1.4813963265306123,9.440841666499066,35.662,-39.226,-0.4309995918367347,4.053922466159471,30.062,-17.452,-0.4158489795918367,3.1315054003949987,9.3,-22.886,-0.3571102040816327,2.25708502080014,8.698,-9.724
110133推,推,4,4,5,4,4,5.856146972477063,6.9618073852298785,39.226,-37.278,-6.5955075229357805,6.9604420623373064,38.794,-39.226,-1.0000667889908257,7.380324748525933,19.368,-39.226,-0.16599908256880733,1.9775341035343386,19.4,-13.228,0.24751504587155965,1.6327349869662038,5.766,-12.306,-0.18672733944954129,2.6264441784543906,6.014,-16.24
110134挑,挑,5,5,5,5,5,6.004368484848484,9.490274522025738,39.226,-23.832,-7.310458787878788,8.254931068487082,38.774,-39.226,1.9319313131313134,7.904308043529129,39.184,-39.226,-0.18114888888888886,4.037008917559925,34.906,-14.978,-0.3147470707070707,2.537313074065704,14.304,-17.946,-0.2234252525252525,2.4313149601238226,14.738,-8.028
110134推,推,5,5,5,5,5,-1.178530891089109,8.156861989307536,39.226,-38.882,-8.139608514851485,6.228780707854576,38.774,-39.226,1.5993881188118813,7.820495645649399,39.048,-39.226,0.06575722772277227,1.7735217607108988,16.178,-15.996,-0.008999009900990096,2.195396807182956,7.0,-19.142,-0.017159009900990098,1.774125306742109,6.234,-17.022
110135挑,挑,4,2,2,4,4,5.476302037037038,9.047136390628003,39.226,-18.34,-7.952090185185185,7.9625278242676805,38.764,-39.226,0.6873525925925924,9.38860731186576,28.386,-39.206,-0.6838925925925925,3.6280297801286974,33.394,-12.338,-0.4794333333333333,3.285890063364646,11.134,-22.738,-0.4145542592592592,2.413475661360988,15.316,-9.132
110135推,推,5,4,3,3,4,4.742089807692308,7.803606215275628,39.226,-23.034,-7.455868846153845,8.093881455939336,38.764,-39.226,-1.397504230769231,6.239294217696591,38.916,-39.206,0.042813846153846154,2.256718857434526,27.726,-20.002,0.09483076923076923,1.774130033342286,7.468,-15.882,-0.0038736538461538353,2.9340308129507333,10.032,-18.178
110136挑,挑,3,3,1,4,4,9.108192897196261,7.174572172219014,39.226,-6.62,-4.622748598130841,6.372843326043127,38.764,-34.262,-1.6401586915887847,8.39088472885594,24.31,-39.214,-0.17226056074766355,3.1689921744956453,32.42,-7.47,-0.41532523364485985,1.8907516236796877,6.892,-12.592,-0.3373721495327103,2.4430577979876906,10.282,-10.454
110136推,推,4,4,4,3,3,8.101728411214953,7.489515967332677,39.226,-25.2,-3.9744312149532712,7.6761645983626785,38.764,-39.226,0.683027476635514,8.453345793422287,39.226,-39.214,-0.1092644859813084,3.69350948576676,34.906,-10.232,-0.03263813084112149,2.1332935195700324,7.452,-16.026,-0.09926654205607477,2.7701907875154927,8.22,-17.262
110137挑,挑,4,4,3,4,4,7.157771588785047,6.728971613653978,39.226,-15.88,-5.341275140186916,5.482694863219764,38.784,-39.226,-0.9289966355140186,7.793769446297777,36.088,-39.226,-0.4348642990654205,3.04068995329227,34.026,-14.632,-0.31293682242990656,2.185292935929112,7.546,-23.056,-0.029273831775700948,2.2463770078650547,16.202,-9.408
110137推,推,5,5,5,5,5,3.8484902752293575,5.5498462507835855,39.226,-17.092,-7.355457431192661,6.185625700740046,38.804,-39.226,2.743961467889908,6.556441724038819,39.194,-39.226,0.08086770642201836,1.9927240837292441,14.06,-6.876,0.1221183486238532,1.6713585054929152,5.878,-12.23,-0.06711119266055046,1.9897246261278665,7.144,-16.962
110138挑,挑,3,3,4,4,4,5.656523396226415,7.894036744852107,39.226,-7.528,-6.319297169811321,6.185179816729261,38.812,-36.234,0.12913528301886798,8.128307408610253,39.164,-39.226,-0.02375981132075472,3.2215508950041207,28.416,-8.962,-0.030705471698113204,2.0924951928549334,5.06,-13.73,-0.29158943396226417,1.6573455117741118,9.172,-6.618
110138推,推,5,3,4,3,4,2.8617237037037038,7.342176677098858,39.226,-14.394,-6.6175020370370365,4.93652225092572,19.412,-39.226,2.844841296296296,7.522352238593975,36.9,-39.226,0.24780555555555558,2.0659313969747815,15.73,-8.284,0.13869185185185187,2.415563822352772,9.212,-12.362,-0.18860592592592595,1.6218419627426808,5.558,-12.164
110139挑,挑,3,2,1,1,1,9.66547900990099,8.018939925091887,39.226,-5.822,-6.515966138613861,8.983568559465429,31.55,-39.226,1.5520029702970295,4.908601676345401,37.386,-39.226,-0.08156554455445544,1.372095008892126,9.006,-8.812,-0.2714748514851485,1.271997021861678,2.71,-7.168,0.03755287128712871,2.959503302398495,16.178,-8.698
110139推,推,4,2,3,2,4,6.984721714285715,7.19011196150227,39.226,-20.63,-6.758930285714286,6.836263250754473,38.794,-39.226,1.7638855238095241,7.875333155222854,39.154,-39.226,-0.13437619047619048,1.1631398428002098,10.642,-10.544,-0.02463276190476191,2.1239151408913703,6.856,-15.632,0.008627619047619052,2.2343864438745866,7.616,-14.408
11013挑,挑,4,3,3,3,5,9.590632972972971,5.4504070085622836,39.226,-3.984,-4.925004864864865,4.626892096006178,17.81,-28.154,-0.5154181981981982,5.980642783245456,13.372,-39.214,-0.501789009009009,2.2311065674060577,21.132,-7.944,-0.6696385585585586,1.9273299218240458,2.47,-10.412,-0.20210198198198198,1.9411829618099623,6.838,-8.49
11013推,推,4,3,1,4,5,1.6354523809523809,5.229452716363808,39.226,-38.872,-8.732197142857142,4.2334120990488024,38.784,-39.226,1.9793066666666668,4.166403145440502,33.168,-39.226,-0.04516647619047619,1.0103377204818866,5.234,-10.9,0.03907085714285714,0.872062183851057,4.676,-8.292,-0.04353104761904761,1.1131975413144004,4.668,-9.1
110140挑,挑,5,5,5,5,5,10.106481165048544,8.746495857828121,39.226,-18.718,-5.61220291262136,7.4796019958226285,38.794,-39.226,0.8607250485436894,8.823827679142301,23.152,-39.226,-0.4460467961165049,3.1478096326250444,28.676,-16.982,-0.9351223300970875,2.7907188547050423,3.162,-16.848,-0.49916038834951465,2.6529471372261364,11.904,-9.552
110140推,推,5,5,5,5,5,8.200346470588237,5.518055267221867,39.226,-24.502,-4.658390588235294,8.536851186840753,38.794,-39.226,2.6520852941176476,6.713021519184832,39.176,-39.226,-0.01559803921568626,3.893102580557216,20.708,-33.574,-0.025759019607843135,1.259282210878218,10.274,-14.896,-0.08189411764705883,2.264595972397878,7.578,-14.062
110141挑,挑,4,3,2,3,3,6.501401801801801,7.7198467490505,39.226,-31.082,-6.921372432432432,6.916816663314614,38.774,-39.226,-1.3716654054054054,9.27614522704726,39.194,-39.226,-0.1912025225225225,3.8770345117255216,34.906,-11.996,-0.26360540540540545,2.8770069419650217,6.606,-21.594,-0.14527477477477477,1.6911924547766342,10.732,-8.392
110141推,推,4,4,4,4,5,2.37203592920354,8.621317572452645,39.226,-25.088,-5.9523484955752215,6.764778259835686,38.764,-39.226,3.7075350442477872,9.121459204841408,39.214,-39.226,0.0570033628318584,3.2283424443029287,33.274,-12.802,0.02888283185840707,2.8292559362212724,8.738,-20.492,-0.09005805309734514,1.8700633998508436,10.27,-16.116
110142挑,挑,5,5,5,5,5,-9.631179807692307,8.098281231460355,39.226,-38.892,-5.047738269230769,6.96051981842239,38.764,-39.226,-1.5727048076923074,6.8385074466762195,29.818,-39.226,-0.12791923076923076,2.94509927513478,30.99,-10.042,0.26707134615384615,2.875822527206199,20.208,-13.438,0.17605846153846152,2.6482392832215207,8.02,-23.986
110142推,推,5,5,5,5,5,-7.252347924528302,4.212507515304358,16.882,-38.892,-3.6328198113207546,5.593208512687505,38.764,-39.226,4.398985471698113,3.2051832636763833,19.72,-28.896,0.007822075471698102,2.4283193002186843,8.748,-13.812,0.18464830188679246,0.9467248820783011,6.402,-4.672,0.11112132075471698,1.780132122189554,11.324,-6.792
11014挑,挑,3,4,4,4,5,0.94215,4.914257659391153,33.832,-12.858,-8.381998653846154,3.775718449055312,32.82,-39.226,2.375875769230769,5.82898931626934,16.682,-37.556,-0.11824057692307692,2.2885170265848793,23.376,-10.858,-0.1149098076923077,1.4962677265642186,3.3,-10.43,-0.3228578846153846,1.327499828116513,6.342,-8.274
11014推,推,5,4,5,4,5,-3.59113870967742,9.693109967378083,39.226,-16.938,-4.607051397849462,7.796721796166683,38.376,-39.226,2.0408754838709675,6.804552864611416,39.226,-39.214,0.15315763440860217,1.254180093947683,7.022,-14.636,0.04753677419354838,1.7162710349539352,4.252,-13.68,-0.11732387096774194,2.5133032968564133,3.464,-16.69
11015挑,挑,4,3,3,4,3,10.261392897196263,6.438121907259492,39.226,-37.79,-3.4761441121495325,7.340062509791242,38.704,-39.226,1.0576069158878505,6.632216449848,39.226,-39.214,-0.24062224299065416,3.3420366634608403,31.914,-18.608,-0.6066127102803738,2.0330680228923987,5.58,-19.892,-0.07275869158878503,2.292371596113389,16.78,-8.746
11015推,推,5,4,3,3,5,2.340831881188119,7.547111408225779,39.226,-38.94,-5.576425346534654,7.100391418277143,38.716,-39.226,6.402106138613861,7.913430398825242,39.224,-39.224,0.03666435643564356,1.7591104007977678,18.494,-15.092,-0.001384356435643562,2.1788649667566,13.484,-20.098,-0.0297590099009901,1.3411089961474176,7.298,-10.088
11016推,推,1,1,1,1,1,3.2666809615384618,5.775947003850657,39.226,-31.33,-6.429038076923077,5.591826155072254,38.812,-39.226,4.006691346153846,7.372362839538605,39.214,-39.226,-0.009735769230769225,1.7292236996002062,28.538,-15.626,-0.026421153846153844,1.7253401143895502,11.748,-17.418,-0.07738365384615384,1.4634026822792263,6.274,-13.226
11017挑,挑,1,2,1,2,1,11.085434399999999,6.319323006912738,39.226,-8.77,-2.1770044,3.459692454305822,36.778,-16.104,0.4114898,3.4591766434364057,28.426,-16.32,-0.0740404,1.7549899110729499,10.02,-7.538,-0.23484259999999998,1.9364080433692792,4.09,-10.508,-0.12576800000000002,2.594039697262939,12.616,-7.774
11017推,推,3,2,3,2,3,8.353357959183674,6.421249719806116,39.226,-21.492,-3.946551836734694,7.026058101443795,38.812,-39.226,2.2283299999999997,5.693299372541875,27.936,-39.206,-0.004579387755102046,2.66653717038494,13.576,-18.21,-0.0140438775510204,1.2604550662332743,6.752,-10.128,-0.10831938775510201,2.092908711317775,9.484,-10.648
11018挑,挑,5,5,5,5,5,2.7212914,10.925727148189544,39.226,-14.934,-6.565428599999999,9.369485036153378,38.824,-39.226,1.6049209999999998,10.036982989890886,39.226,-39.214,0.03626259999999999,3.339564266942806,34.906,-12.266,-0.6558486,2.6467761472172215,5.332,-21.74,-0.4575728,2.5460117619328,15.382,-7.746
11018推,推,5,5,5,5,5,1.8230042000000002,7.0284534317573994,39.226,-38.932,-7.159075799999998,9.761406859088211,38.824,-39.226,3.2369377999999998,6.810146118148358,38.356,-39.214,-0.040782399999999996,1.6628435091283364,13.638,-12.054,0.1972078,1.232523268753641,7.532,-14.36,-0.0929318,2.872825451876386,11.08,-20.82
11019挑,挑,3,2,2,3,2,7.526155357142858,7.378250242736118,39.226,-25.76,-5.445620892857143,5.692387851915479,37.902,-39.226,-0.09974999999999998,6.874720911244325,30.376,-39.214,-0.2717076785714285,3.5773180178199993,34.906,-15.862,-0.29131035714285713,2.6905062315946924,23.372,-18.372,-0.1575339285714286,2.0713476867020644,14.212,-17.488
11019推,推,5,5,5,5,5,1.250898431372549,5.347470491689294,39.226,-36.306,-7.643740588235294,7.4636894747471,38.824,-39.226,0.5796339215686274,6.073895725062108,37.396,-39.206,-0.0927849019607843,3.556883061025659,19.894,-34.042,-0.20221470588235296,1.4988809963944318,11.818,-17.136,-0.1877627450980392,2.033100194136134,14.934,-14.376
11041挑,挑,5,5,5,5,5,8.759671666666668,8.560006617013116,39.226,-9.966,-3.431596111111111,8.30553641094544,38.764,-35.382,1.77266,10.703376982313157,21.76,-39.186,-0.5650152777777777,4.69486051228006,32.854,-11.262,-0.960223888888889,3.2168218523682297,5.762,-18.4,-0.32443333333333335,2.6118135487307153,13.0,-7.306
11041推,推,5,5,5,5,5,7.246579452054794,8.098062860135197,39.226,-24.392,-2.445424657534246,5.335277294709882,38.346,-39.226,5.549184657534247,8.008170145947794,39.164,-39.196,-0.2307260273972603,2.057958558898719,19.688,-7.37,-0.048725205479452076,2.8278101061190077,6.486,-16.426,0.26673260273972604,1.5441172924626765,10.3,-4.718
11131挑,挑,4,4,3,4,4,7.759164950495049,8.754514273452209,39.224,-22.928,-5.654443564356436,7.349283152466766,39.224,-39.224,-1.400911485148515,8.744256438659402,30.116,-39.224,-0.33408970297029705,3.873269195404857,34.906,-16.66,-0.34022772277227725,1.9093088608090942,7.518,-15.418,-0.01970772277227723,2.532524498590322,9.994,-8.956
11131推,推,4,4,4,3,5,4.747701590909092,7.629271880875373,39.224,-39.224,-6.684789545454546,7.3942971842728396,39.224,-39.224,2.0562647727272725,9.138819333947453,39.224,-39.224,-0.023561363636363634,1.9397120169002489,24.938,-13.396,-0.03720090909090908,2.6945066144083007,13.602,-20.88,-0.06677681818181816,2.234810059492318,7.74,-15.094
11132挑,挑,4,5,5,5,5,10.946436565656565,8.436263558806875,39.226,-9.21,-3.013170505050505,8.06607980201933,38.882,-39.226,-0.5667048484848486,10.88808832079215,39.176,-39.226,-0.6209571717171717,5.512954449788105,34.906,-18.332,-0.6767123232323231,3.139407092460545,9.822,-19.526,-0.10733939393939393,2.7116850213313426,17.014,-7.662
11132推,推,3,3,4,4,5,5.398310642201834,9.218153467863258,39.226,-38.97,-4.842963853211009,7.461353354807619,38.882,-39.226,4.2657522935779815,8.154640698260353,39.176,-39.226,-0.3037933944954128,1.8400636312971412,12.608,-10.994,-0.13132311926605506,1.9719665332491043,4.982,-16.726,0.04567412844036697,2.2135152398226206,11.386,-12.064
11201挑,挑,5,5,5,5,5,10.491751836734695,8.21765210634181,39.226,-11.962,-3.2431353061224493,7.8254466580521,38.902,-39.226,-1.8443724489795916,9.376080605785113,39.226,-39.196,-0.15258326530612246,5.154674541736864,34.906,-15.138,-0.77211,2.9696622881834873,11.36,-17.25,-0.40660734693877554,2.4444844461473316,12.354,-8.392
11201推,推,5,5,5,5,5,8.691403238095239,6.367958303828928,39.226,-38.94,-4.04440780952381,9.206936578791117,38.902,-39.226,2.357535619047619,5.715135718854082,37.01,-39.196,0.16568514285714286,3.038979648486084,16.726,-23.594,-0.18526457142857142,1.5577671093441214,18.116,-16.942,-0.26636990476190475,2.9540748920978372,9.596,-21.104
11202挑,挑,5,5,5,5,5,7.911099038461538,6.959113371038053,39.226,-6.236,-5.127275769230768,6.063384959875436,38.764,-29.946,-3.157798076923077,8.874901474425817,22.646,-39.226,-0.4202067307692307,3.3108291047294975,26.502,-7.484,-0.6115003846153847,2.8396192554230018,2.852,-15.83,-0.3394248076923077,1.8006881510219177,8.098,-6.596
11202推,推,5,4,5,5,5,8.204968490566037,5.39114342614545,39.226,-12.468,-5.237953962264151,8.819174878196948,38.812,-39.226,3.4089062264150947,6.019690171450946,39.214,-39.226,0.010040000000000009,2.733085093481599,13.044,-20.946,-0.3361275471698113,1.1333842987430962,6.942,-6.168,-0.15277056603773584,2.910202835341852,7.302,-17.912
