file_name,path,n_rows,stroke_type
10281挑,1028/10281挑.txt,11500,挑
10281推,1028/10281推.txt,10600,推
10282挑,1028/10282挑.txt,12600,挑
10282推,1028/10282推.txt,10800,推
10283挑,1028/10283挑.txt,10600,挑
10283推,1028/10283推.txt,10000,推
10284挑補,1028/10284挑補.txt,9200,挑
10284推補,1028/10284推補.txt,8400,推
10285挑補,1028/10285挑補.txt,9500,挑
10285推,1028/10285推.txt,10000,推
10286挑,1028/10286挑.txt,10600,挑
10286推,1028/10286推.txt,11300,推
10287挑,1028/10287挑.txt,10700,挑
10287推,1028/10287推.txt,10400,推
10288挑,1028/10288挑.txt,10800,挑
10288推,1028/10288推.txt,10600,推
10301挑,1030/10301挑.txt,10300,挑
10301推,1030/10301推.txt,10300,推
10302挑,1030/10302挑.txt,10100,挑
10302推,1030/10302推.txt,10200,推
10303挑,1030/10303挑.txt,10600,挑
10303推,1030/10303推.txt,10200,推
10304挑,1030/10304挑.txt,9700,挑
10304推,1030/10304推.txt,10300,推
10305挑,1030/10305挑.txt,10600,挑
10305推,1030/10305推.txt,7400,推
110110挑,1101/110110挑.txt,9800,挑
110110推,1101/110110推.txt,10400,推
110111挑,1101/110111挑.txt,10600,挑
110111推,1101/110111推.txt,11100,推
110112挑,1101/110112挑.txt,10000,挑
110112推,1101/110112推.txt,10900,推
110113挑,1101/110113挑.txt,9700,挑
110113推,1101/110113推.txt,10200,推
110114挑,1101/110114挑.txt,9800,挑
110114推,1101/110114推.txt,11000,推
110115挑,1101/110115挑.txt,5000,挑
110115推,1101/110115推.txt,9800,推
110116挑,1101/110116挑.txt,11000,挑
110116推,1101/110116推.txt,11600,推
110117挑,1101/110117挑.txt,10500,挑
110117推,1101/110117推.txt,11800,推
110118挑,1101/110118挑.txt,12000,挑
110118推,1101/110118推.txt,11100,推
110119挑,1101/110119挑.txt,11400,挑
110119推,1101/110119推.txt,11000,推
11011挑,1101/11011挑.txt,12200,挑
11011推,1101/11011推.txt,10700,推
110120挑,1101/110120挑.txt,11700,挑
110120推,1101/110120推.txt,6800,推
110121挑,1101/110121挑.txt,10600,挑
110121推,1101/110121推.txt,10300,推
110122挑,1101/110122挑.txt,10200,挑
110122推,1101/110122推.txt,10300,推
110123挑,1101/110123挑.txt,4500,挑
110123推,1101/110123推.txt,10400,推
110124挑,1101/110124挑.txt,6000,挑
110124推,1101/110124推.txt,9900,推
110125挑,1101/110125挑.txt,10200,挑
110125推,1101/110125推.txt,10300,推
110126挑,1101/110126挑.txt,4500,挑
110126推,1101/110126推.txt,10500,推
110127挑,1101/110127挑.txt,10100,挑
110127推,1101/110127推.txt,11200,推
110128挑,1101/110128挑.txt,10100,挑
110128推補,1101/110128推補.txt,10700,推
110129挑,1101/110129挑.txt,10300,挑
11012挑,1101/11012挑.txt,11500,挑
11012推,1101/11012推.txt,10100,推
110130挑,1101/110130挑.txt,6000,挑
110131挑,1101/110131挑.txt,10400,挑
110131推,1101/110131推.txt,6000,推
110132挑,1101/110132挑.txt,10400,挑
110132推,1101/110132推.txt,10000,推
110133挑,1101/110133挑.txt,9800,挑
110133推,1101/110133推.txt,10900,推
110134挑,1101/110134挑.txt,9900,挑
110134推,1101/110134推.txt,10100,推
110135挑,1101/110135挑.txt,10800,挑
110135推,1101/110135推.txt,10400,推
110136挑,1101/110136挑.txt,10700,挑
110136推,1101/110136推.txt,10700,推
110137挑,1101/110137挑.txt,10700,挑
110137推,1101/110137推.txt,10900,推
110138挑,1101/110138挑.txt,10600,挑
110138推,1101/110138推.txt,10800,推
110139挑,1101/110139挑.txt,10100,挑
110139推,1101/110139推.txt,10500,推
11013挑,1101/11013挑.txt,11100,挑
11013推,1101/11013推.txt,10500,推
110140挑,1101/110140挑.txt,10300,挑
110140推,1101/110140推.txt,10200,推
110141挑,1101/110141挑.txt,11100,挑
110141推,1101/110141推.txt,11300,推
110142挑,1101/110142挑.txt,10400,挑
110142推,1101/110142推.txt,10600,推
11014挑,1101/11014挑.txt,10400,挑
11014推,1101/11014推.txt,9300,推
11015挑,1101/11015挑.txt,10700,挑
11015推,1101/11015推.txt,10100,推
11016推,1101/11016推.txt,10400,推
11017挑,1101/11017挑.txt,10000,挑
11017推,1101/11017推.txt,9800,推
11018挑,1101/11018挑.txt,10000,挑
11018推,1101/11018推.txt,10000,推
11019挑,1101/11019挑.txt,11200,挑
11019推,1101/11019推.txt,10200,推
11041挑,補/11041挑.txt,7200,挑
11041推,補/11041推.txt,7300,推
11131挑,補/11131挑.txt,10100,挑
11131推,補/11131推.txt,8800,推
11132挑,補/11132挑.txt,9900,挑
11132推,補/11132推.txt,10900,推
11201挑,補/11201挑.txt,9800,挑
11201推,補/11201推.txt,10500,推
11202挑,補/11202挑.txt,10400,挑
11202推,補/11202推.txt,10600,推
