file_name,path,n_rows,stroke_type_x,檔名,揮拍軌跡正確度,揮拍速度流暢度,手腕轉動時機正確度,擊球時機正確度,擊球位置正確度,評語,stroke_type_y,平推為正手或反手
10281挑,raw_data/1028/10281挑.txt,11500,挑,10281挑,5,5,5,5,5,,挑,
10281推,raw_data/1028/10281推.txt,10600,推,10281推,5,4,5,5,5,,推,反手
10282挑,raw_data/1028/10282挑.txt,12600,挑,10282挑,4,3,3,3,4,揮拍速度可再加快，擊球時手腕角度不夠正,挑,
10282推,raw_data/1028/10282推.txt,10800,推,10282推,5,3,3,3,4,揮拍不夠流暢、手腕太慢出力,推,反手
10283挑,raw_data/1028/10283挑.txt,10600,挑,10283挑,5,5,4,4,5,擊球時間點太慢，導致都未在最甜蜜點擊到球,挑,
10283推,raw_data/1028/10283推.txt,10000,推,10283推,5,5,5,5,5,,推,反手
10284挑補,raw_data/1028/10284挑補.txt,9200,挑,10284挑補,3,5,3,4,4,手腕轉動太少、擊球時間點稍慢、揮拍軌跡不夠完整,挑,
10284推補,raw_data/1028/10284推補.txt,8400,推,10284推補,5,5,5,5,5,,推,反手
10285挑補,raw_data/1028/10285挑補.txt,9500,挑,10285挑補,4,5,2,4,4,手腕轉動方向偏左了,挑,
10285推,raw_data/1028/10285推.txt,10000,推,10285推,5,5,5,5,5,,推,正手
10286挑,raw_data/1028/10286挑.txt,10600,挑,10286挑,4,5,4,3,3,擊球時間慢、擊球點太低,挑,
10286推,raw_data/1028/10286推.txt,11300,推,10286推,4,3,2,2,4,擊球時間太慢、手腕轉太慢,推,正手
10287挑,raw_data/1028/10287挑.txt,10700,挑,10287挑,5,4,3,4,5,手腕沒有往上往前轉動完整,挑,
10287推,raw_data/1028/10287推.txt,10400,推,10287推,5,5,5,5,5,,推,反手
10288挑,raw_data/1028/10288挑.txt,10800,挑,10288挑,2,2,1,3,4,手腕沒動、揮拍軌跡太短,挑,
10288推,raw_data/1028/10288推.txt,10600,推,10288推,5,5,5,5,5,,推,正手
10301挑,raw_data/1030/10301挑.txt,10300,挑,10301挑,5,4,5,5,5,揮拍速度可再加快,挑,
10301推,raw_data/1030/10301推.txt,10300,推,10301推,5,4,4,4,5,擊球時間可以再早一點點,推,反手
10302挑,raw_data/1030/10302挑.txt,10100,挑,10302挑,3,4,2,2,4,手腕轉動太少、擊球時間太慢,挑,
10302推,raw_data/1030/10302推.txt,10200,推,10302推,5,4,5,5,5,,推,正手
10303挑,raw_data/1030/10303挑.txt,10600,挑,10303挑,5,4,5,5,5,揮拍速度可再加快,挑,
10303推,raw_data/1030/10303推.txt,10200,推,10303推,5,5,5,5,5,,推,正手
10304挑,raw_data/1030/10304挑.txt,9700,挑,10304挑,5,5,4,4,4,手腕可再轉多一點、擊球時間可再早一點,挑,
10304推,raw_data/1030/10304推.txt,10300,推,10304推,5,3,5,3,4,擊球時間誤差大,推,反手
10305挑,raw_data/1030/10305挑.txt,10600,挑,10305挑,2,5,3,5,1,揮拍軌跡不夠由下往上、因揮拍軌跡不正確導致手腕轉動方向不正確、擊球位置太高,挑,
10305推,raw_data/1030/10305推.txt,7400,推,10305推,5,4,4,3,5,擊球時間太慢,推,正手
110110挑,raw_data/1101/110110挑.txt,9800,挑,110110挑,4,2,2,2,1,揮拍不夠流暢、手腕轉動方向偏左,挑,
110110推,raw_data/1101/110110推.txt,10400,推,110110推,4,3,3,2,3,擊球時間太慢,推,正手
110111挑,raw_data/1101/110111挑.txt,10600,挑,110111挑,3,3,2,4,4,擊球時間點偏慢、手腕轉動太少,挑,
110111推,raw_data/1101/110111推.txt,11100,推,110111推,5,4,3,3,4,擊球時間太慢,推,正手
110112挑,raw_data/1101/110112挑.txt,10000,挑,110112挑,5,4,3,4,4,手腕轉動可再多一點,挑,
110112推,raw_data/1101/110112推.txt,10900,推,110112推,5,5,5,5,5,,推,反手
110113挑,raw_data/1101/110113挑.txt,9700,挑,110113挑,5,5,3,5,4,手腕轉動方向偏左,挑,
110113推,raw_data/1101/110113推.txt,10200,推,110113推,4,4,5,3,4,擊球時間可以再快一點點,推,正手
110114挑,raw_data/1101/110114挑.txt,9800,挑,110114挑,3,3,3,3,4,揮拍軌跡不夠完整、手腕轉動偏左,挑,
110114推,raw_data/1101/110114推.txt,11000,推,110114推,4,3,4,4,5,揮拍不夠流暢,推,正手
110115挑,raw_data/1101/110115挑.txt,5000,挑,110115挑,1,2,1,3,3,揮拍方向不是下往上、手腕轉動方向不對,挑,
110115推,raw_data/1101/110115推.txt,9800,推,110115推,4,5,5,5,5,動作正確、但動作太大了、揮拍軌跡太長,推,正手
110116挑,raw_data/1101/110116挑.txt,11000,挑,110116挑,4,3,2,3,4,擊球時手腕轉動不夠完整沒有將球拍頭壓出去,挑,
110116推,raw_data/1101/110116推.txt,11600,推,110116推,5,5,5,5,5,,推,正手
110117挑,raw_data/1101/110117挑.txt,10500,挑,110117挑,1,2,1,3,2,揮拍軌跡太短、手腕沒有轉動,挑,
110117推,raw_data/1101/110117推.txt,11800,推,110117推,2,2,3,2,3,揮拍軌跡不完整、不流暢,推,反手
110118挑,raw_data/1101/110118挑.txt,12000,挑,110118挑,1,1,1,2,2,揮拍動作太短，打到球就停了、手腕沒有轉動,挑,
110118推,raw_data/1101/110118推.txt,11100,推,110118推,4,4,3,2,4,擊球時間太慢,推,正手
110119挑,raw_data/1101/110119挑.txt,11400,挑,110119挑,5,5,4,5,4,,挑,
110119推,raw_data/1101/110119推.txt,11000,推,110119推,5,5,5,5,5,,推,正手
11011挑,raw_data/1101/11011挑.txt,12200,挑,11011挑,5,5,5,5,5,,挑,
11011推,raw_data/1101/11011推.txt,10700,推,11011推,5,5,5,5,5,,推,反手
110120挑,raw_data/1101/110120挑.txt,11700,挑,110120挑,2,2,3,2,2,擊球點太低、揮拍動作沒有往上拉,挑,
110120推,raw_data/1101/110120推.txt,6800,推,110120推,4,2,4,4,4,揮拍不流暢,推,正手
110121挑,raw_data/1101/110121挑.txt,10600,挑,110121挑,2,4,3,4,4,揮拍軌跡太直上直下了,挑,
110121推,raw_data/1101/110121推.txt,10300,推,110121推,5,4,5,4,4,,推,正手
110122挑,raw_data/1101/110122挑.txt,10200,挑,110122挑,2,3,4,4,4,揮拍軌跡方向錯誤，不是揮向右肩，要揮向左肩,挑,
110122推,raw_data/1101/110122推.txt,10300,推,110122推,4,4,3,2,4,擊球時間太慢,推,正手
110123挑,raw_data/1101/110123挑.txt,4500,挑,110123挑,5,5,5,5,5,,挑,
110123推,raw_data/1101/110123推.txt,10400,推,110123推,5,4,5,4,5,,推,正手
110124挑,raw_data/1101/110124挑.txt,6000,挑,110124挑,5,5,5,5,5,,挑,
110124推,raw_data/1101/110124推.txt,9900,推,110124推,5,5,5,5,5,,推,正手
110125挑,raw_data/1101/110125挑.txt,10200,挑,110125挑,5,5,5,5,5,,挑,
110125推,raw_data/1101/110125推.txt,10300,推,110125推,5,5,5,5,5,,推,正手
110126挑,raw_data/1101/110126挑.txt,4500,挑,110126挑,1,1,1,3,3,揮拍軌跡不完整、手腕未轉動,挑,
110126推,raw_data/1101/110126推.txt,10500,推,110126推,2,1,1,3,4,手腕動太少、揮拍軌跡不完整,推,反手
110127挑,raw_data/1101/110127挑.txt,10100,挑,110127挑,5,4,3,4,4,手腕轉動偏左旋,挑,
110127推,raw_data/1101/110127推.txt,11200,推,110127推,5,5,5,5,5,,推,反手
110128挑,raw_data/1101/110128挑.txt,10100,挑,110128挑,4,2,3,4,4,揮拍不夠流暢,挑,
110128推補,raw_data/1101/110128推補.txt,10700,推,110128推補,3,3,2,2,3,擊球時間點慢,推,正手
110129挑,raw_data/1101/110129挑.txt,10300,挑,110129挑,4,4,4,4,4,,挑,
11012挑,raw_data/1101/11012挑.txt,11500,挑,11012挑,1,1,1,1,1,揮拍動作不完整、手腕未轉動、擊球時間誤差大,挑,
11012推,raw_data/1101/11012推.txt,10100,推,11012推,3,1,2,2,4,揮拍不夠完整、手腕動太慢、擊球時間慢,推,正手
110130挑,raw_data/1101/110130挑.txt,6000,挑,110130挑,2,3,4,2,2,擊球點太低、揮拍軌跡沒有往上拉,挑,
110131挑,raw_data/1101/110131挑.txt,10400,挑,110131挑,3,4,2,4,5,手腕轉動方向往左了,挑,
110131推,raw_data/1101/110131推.txt,6000,推,110131推,5,5,5,5,4,,推,反手
110132挑,raw_data/1101/110132挑.txt,10400,挑,110132挑,1,2,1,4,3,揮拍軌跡太短、手腕沒有往上壓,挑,
110132推,raw_data/1101/110132推.txt,10000,推,110132推,2,3,4,4,4,揮拍軌跡要後往前，前面幾拍是下往上，後面幾拍有比較好一點點,推,正手
110133挑,raw_data/1101/110133挑.txt,9800,挑,110133挑,3,4,3,4,4,揮拍軌跡往左太多,挑,
110133推,raw_data/1101/110133推.txt,10900,推,110133推,4,4,5,4,4,,推,反手
110134挑,raw_data/1101/110134挑.txt,9900,挑,110134挑,5,5,5,5,5,,挑,
110134推,raw_data/1101/110134推.txt,10100,推,110134推,5,5,5,5,5,,推,正手
110135挑,raw_data/1101/110135挑.txt,10800,挑,110135挑,4,2,2,4,4,揮拍不流暢,挑,
110135推,raw_data/1101/110135推.txt,10400,推,110135推,5,4,3,3,4,手腕太慢、擊球時間點可以再早一點點,推,反手
110136挑,raw_data/1101/110136挑.txt,10700,挑,110136挑,3,3,1,4,4,手腕轉動方向不對,挑,
110136推,raw_data/1101/110136推.txt,10700,推,110136推,4,4,4,3,3,擊球時間可以再早一點,推,正手
110137挑,raw_data/1101/110137挑.txt,10700,挑,110137挑,4,4,3,4,4,,挑,
110137推,raw_data/1101/110137推.txt,10900,推,110137推,5,5,5,5,5,,推,正手
110138挑,raw_data/1101/110138挑.txt,10600,挑,110138挑,3,3,4,4,4,擊球點太低、揮拍軌跡沒有往上拉,挑,
110138推,raw_data/1101/110138推.txt,10800,推,110138推,5,3,4,3,4,揮拍不夠流暢,推,正手
110139挑,raw_data/1101/110139挑.txt,10100,挑,110139挑,3,2,1,1,1,沒有轉動手腕、擊球點太靠近身體,挑,
110139推,raw_data/1101/110139推.txt,10500,推,110139推,4,2,3,2,4,揮拍不流暢、擊球時間點太慢,推,正手
11013挑,raw_data/1101/11013挑.txt,11100,挑,11013挑,4,3,3,3,5,手腕轉動方向不夠正，稍微往左了,挑,
11013推,raw_data/1101/11013推.txt,10500,推,11013推,4,3,1,4,5,手腕沒有壓,推,正手
110140挑,raw_data/1101/110140挑.txt,10300,挑,110140挑,5,5,5,5,5,,挑,
110140推,raw_data/1101/110140推.txt,10200,推,110140推,5,5,5,5,5,,推,反手
110141挑,raw_data/1101/110141挑.txt,11100,挑,110141挑,4,3,2,3,3,擊球點太低,挑,
110141推,raw_data/1101/110141推.txt,11300,推,110141推,4,4,4,4,5,,推,正手
110142挑,raw_data/1101/110142挑.txt,10400,挑,110142挑,5,5,5,5,5,,挑,
110142推,raw_data/1101/110142推.txt,10600,推,110142推,5,5,5,5,5,,推,反手
11014挑,raw_data/1101/11014挑.txt,10400,挑,11014挑,3,4,4,4,5,揮拍軌跡太短,挑,
11014推,raw_data/1101/11014推.txt,9300,推,11014推,5,4,5,4,5,,推,正手
11015挑,raw_data/1101/11015挑.txt,10700,挑,11015挑,4,3,3,4,3,揮拍不夠流暢,挑,
11015推,raw_data/1101/11015推.txt,10100,推,11015推,5,4,3,3,5,手腕動太慢、擊球時間可以早一點,推,正手
11016推,raw_data/1101/11016推.txt,10400,推,11016推,1,1,1,1,1,握拍不正確、動作不對,推,反手
11017挑,raw_data/1101/11017挑.txt,10000,挑,11017挑,1,2,1,2,1,揮拍動作沒有往上拉、手腕沒有動、擊球時間太慢,挑,
11017推,raw_data/1101/11017推.txt,9800,推,11017推,3,2,3,2,3,手腕太慢,推,反手
11018挑,raw_data/1101/11018挑.txt,10000,挑,11018挑,5,5,5,5,5,,挑,
11018推,raw_data/1101/11018推.txt,10000,推,11018推,5,5,5,5,5,,推,正手
11019挑,raw_data/1101/11019挑.txt,11200,挑,11019挑,3,2,2,3,2,揮拍軌跡不夠完整、手腕轉動方向偏左,挑,
11019推,raw_data/1101/11019推.txt,10200,推,11019推,5,5,5,5,5,,推,反手
11041挑,raw_data/補/11041挑.txt,7200,挑,11041挑,5,5,5,5,5,,挑,
11041推,raw_data/補/11041推.txt,7300,推,11041推,5,5,5,5,5,,推,正手
11131挑,raw_data/補/11131挑.txt,10100,挑,11131挑,4,4,3,4,4,手腕轉動太少,挑,
11131推,raw_data/補/11131推.txt,8800,推,11131推,4,4,4,3,5,擊球時間可以再早一點,推,正手
11132挑,raw_data/補/11132挑.txt,9900,挑,11132挑,4,5,5,5,5,,挑,
11132推,raw_data/補/11132推.txt,10900,推,11132推,3,3,4,4,5,揮拍軌跡不完整、揮拍不夠流暢,推,反手
11201挑,raw_data/補/11201挑.txt,9800,挑,11201挑,5,5,5,5,5,,挑,
11201推,raw_data/補/11201推.txt,10500,推,11201推,5,5,5,5,5,,推,反手
11202挑,raw_data/補/11202挑.txt,10400,挑,11202挑,5,5,5,5,5,,挑,
11202推,raw_data/補/11202推.txt,10600,推,11202推,5,4,5,5,5,,推,反手
