21260.0,-6.888,4.664,0.452,21260.0,2.126,-1.586,-0.136
21270.0,-6.28,4.562,0.326,21270.0,2.53,-1.618,-0.156
21280.0,-6.066,4.514,-0.016,21280.0,2.968,-1.658,-0.196
21290.0,-5.948,4.684,-0.336,21290.0,3.38,-1.72,-0.204
21300.0,-5.758,5.268,-0.304,21300.0,3.662,-1.826,-0.2
21310.0,-5.546,5.918,-0.3,21310.0,3.842,-1.96,-0.194
21320.0,-5.312,6.476,-0.472,21320.0,3.848,-2.062,-0.176
21330.0,-5.092,6.98,-0.76,21330.0,3.688,-2.118,-0.194
21340.0,-4.976,7.102,-0.676,21340.0,3.542,-2.154,-0.186
21350.0,-4.904,6.664,0.0,21350.0,3.36,-2.17,-0.136
21360.0,-4.752,5.916,-0.058,21360.0,3.01,-2.172,-0.174
21370.0,-4.188,4.98,-0.536,21370.0,2.62,-2.2,-0.272
21380.0,-3.106,4.582,-1.542,21380.0,2.302,-2.24,-0.348
21390.0,-2.51,4.884,-2.248,21390.0,1.996,-2.222,-0.444
21400.0,-2.37,5.678,-2.206,21400.0,1.782,-2.202,-0.538
21410.0,-2.01,6.978,-2.97,21410.0,1.712,-2.232,-0.556
21420.0,-1.89,8.056,-3.428,21420.0,1.78,-2.262,-0.526
21430.0,-1.826,8.828,-3.074,21430.0,2.002,-2.28,-0.476
21440.0,-2.096,8.308,-2.764,21440.0,2.252,-2.326,-0.454
21450.0,-2.616,6.752,-2.988,21450.0,2.538,-2.436,-0.406
21460.0,-2.746,5.648,-3.536,21460.0,2.758,-2.53,-0.282
21470.0,-2.612,4.848,-3.222,21470.0,2.922,-2.494,-0.182
21480.0,-2.624,4.124,-2.898,21480.0,3.124,-2.314,-0.098
21490.0,-2.94,3.276,-3.324,21490.0,3.25,-2.07,-0.02
21500.0,-3.322,3.09,-3.62,21500.0,3.194,-1.886,0.0
21510.0,-3.724,3.54,-3.798,21510.0,3.268,-1.88,0.042
21520.0,-3.976,4.16,-3.718,21520.0,3.326,-2.012,-0.012
21530.0,-4.03,4.592,-3.42,21530.0,3.534,-2.162,-0.076
21540.0,-4.048,4.72,-4.076,21540.0,4.092,-2.268,-0.05
21550.0,-4.208,4.732,-5.108,21550.0,4.504,-1.974,-0.106
21560.0,-4.502,5.014,-5.238,21560.0,5.054,-1.188,-0.158
21570.0,-5.01,5.566,-5.104,21570.0,5.486,-0.184,-0.422
21580.0,-5.388,5.69,-5.25,21580.0,5.382,0.77,-0.858
21590.0,-5.632,4.89,-5.15,21590.0,5.064,1.928,-1.094
21600.0,-5.83,4.054,-4.964,21600.0,4.166,3.348,-1.138
21610.0,-6.032,3.716,-5.236,21610.0,3.278,4.354,-1.52
21620.0,-6.22,3.346,-5.268,21620.0,2.84,5.408,-2.182
21630.0,-6.464,2.752,-5.082,21630.0,3.118,6.978,-2.85
21640.0,-6.968,2.494,-5.552,21640.0,3.844,8.148,-3.602
21650.0,-7.79,2.41,-6.192,21650.0,3.388,8.87,-4.498
21660.0,-8.436,2.694,-7.148,21660.0,1.76,10.062,-5.488
21670.0,-8.126,2.922,-8.116,21670.0,-1.35,12.652,-6.144
21680.0,-7.266,2.968,-9.188,21680.0,-5.9,14.77,-6.776
21690.0,-6.362,2.744,-10.64,21690.0,-9.982,16.202,-6.96
21700.0,-6.046,2.25,-11.954,21700.0,-12.584,16.426,-6.228
21710.0,-6.46,2.536,-12.746,21710.0,-14.464,15.146,-5.278
21720.0,-6.346,3.244,-14.168,21720.0,-15.496,13.822,-3.742
21730.0,-5.32,3.386,-15.516,21730.0,-16.148,15.294,-0.728
21740.0,-3.022,3.128,-16.862,21740.0,-14.008,17.278,1.636
21750.0,-0.476,3.058,-20.312,21750.0,-14.734,12.43,-1.674
21760.0,0.608,2.94,-23.254,21760.0,-19.398,15.4,8.56
21770.0,-0.562,1.666,-27.266,21770.0,-17.204,14.778,7.236
21780.0,-5.574,-0.62,-32.838,21780.0,-23.176,10.398,4.33
21790.0,-12.856,-2.236,-37.878,21790.0,-23.712,8.55,6.254
21800.0,-19.536,-0.99,-39.226,21800.0,-23.8,5.142,6.286
21810.0,-25.36,1.064,-39.226,21810.0,-16.718,2.53,7.72
21820.0,-31.466,1.276,-39.226,21820.0,-13.124,1.526,8.386
21830.0,-33.516,-2.62,-39.226,21830.0,-11.498,1.108,8.664
21840.0,-34.536,-7.296,-39.226,21840.0,-10.434,0.842,8.244
21850.0,-38.852,-9.06,-39.226,21850.0,-9.694,0.788,6.842
21860.0,-38.852,-10.398,-39.2,21860.0,-7.842,0.66,5.426
21870.0,-38.776,-11.168,-32.432,21870.0,-4.692,0.578,5.176
21880.0,-38.844,-8.862,-12.886,21880.0,-1.88,0.658,5.494
21890.0,-38.852,4.296,-6.528,21890.0,-0.526,0.898,5.476
21900.0,-38.85,10.224,-5.268,21900.0,-0.06,1.234,5.132
21910.0,-38.852,6.544,0.906,21910.0,-0.042,1.542,4.708
21920.0,-38.852,2.26,1.934,21920.0,-0.044,1.802,4.19
21930.0,-38.852,2.402,0.464,21930.0,0.298,1.986,3.714
21940.0,-38.852,12.95,-7.258,21940.0,0.99,2.094,3.348
21950.0,-19.804,26.558,-33.37,21950.0,1.644,2.14,2.924
21960.0,-28.942,8.67,-16.484,21960.0,2.16,2.172,2.422
21970.0,-18.148,-1.668,3.328,21970.0,2.528,2.2,1.898
21980.0,-22.694,15.842,-39.226,21980.0,2.79,2.182,1.388
21990.0,-25.85,15.294,-19.022,21990.0,3.022,2.11,0.898
22000.0,-19.928,7.94,-24.304,22000.0,3.338,2.034,0.446
22010.0,-28.484,-18.132,-25.622,22010.0,3.722,1.996,0.02
22020.0,-23.27,-30.196,-29.426,22020.0,4.07,2.006,-0.404
22030.0,-14.414,-34.492,-13.164,22030.0,4.248,2.032,-0.82
22040.0,-6.944,-20.624,-3.9,22040.0,4.34,2.082,-1.224
22050.0,-5.0,-7.186,0.644,22050.0,4.31,2.16,-1.586
22060.0,-5.046,-2.162,0.73,22060.0,4.188,2.306,-1.898
22070.0,-5.978,-4.388,0.432,22070.0,4.108,2.51,-2.21
22080.0,-5.558,-7.018,-2.642,22080.0,4.112,2.76,-2.528
22090.0,-5.928,-6.36,-5.742,22090.0,4.264,3.03,-2.828
22100.0,-7.206,-2.954,-5.018,22100.0,4.512,3.276,-3.156
22110.0,-7.572,0.48,-4.686,22110.0,4.734,3.428,-3.44
22120.0,-7.114,1.698,-3.488,22120.0,4.908,3.51,-3.674
22130.0,-6.564,0.608,-2.454,22130.0,5.152,3.612,-3.87
22140.0,-6.048,-1.658,-2.298,22140.0,5.426,3.702,-4.018
22150.0,-5.372,-3.44,-2.732,22150.0,5.572,3.75,-4.186
22160.0,-5.132,-4.07,-2.582,22160.0,5.664,3.774,-4.316
22170.0,-4.992,-3.628,-2.116,22170.0,5.858,3.796,-4.374
22180.0,-4.83,-2.758,-1.388,22180.0,6.008,3.786,-4.474
22190.0,-4.72,-2.256,-0.774,22190.0,6.21,3.708,-4.564
22200.0,-4.526,-2.312,-0.204,22200.0,6.468,3.562,-4.594
22210.0,-4.192,-2.526,0.136,22210.0,6.736,3.342,-4.604
22220.0,-3.814,-2.504,0.386,22220.0,7.076,3.128,-4.69
22230.0,-3.506,-2.078,0.378,22230.0,7.324,2.896,-4.814
22240.0,-3.36,-1.376,0.326,22240.0,7.586,2.652,-4.854
22250.0,-3.34,-0.25,0.49,22250.0,7.902,2.36,-4.836
22260.0,-3.34,0.732,0.386,22260.0,8.178,1.97,-4.79
22270.0,-3.328,1.392,0.412,22270.0,8.258,1.466,-4.694
22280.0,-3.452,1.95,0.33,22280.0,7.974,0.876,-4.634
22290.0,-3.752,2.458,0.44,22290.0,7.506,0.31,-4.608
22300.0,-4.32,3.148,0.772,22300.0,7.108,-0.214,-4.59
22310.0,-5.49,3.982,1.13,22310.0,6.79,-0.686,-4.66
22320.0,-6.75,4.684,1.634,22320.0,6.732,-1.066,-4.78
22330.0,-7.896,5.566,2.544,22330.0,6.894,-1.418,-4.858
22340.0,-8.802,6.756,3.574,22340.0,6.836,-1.744,-4.712
22350.0,-9.412,7.752,4.212,22350.0,6.826,-1.984,-4.31
22360.0,-10.06,7.986,4.914,22360.0,6.804,-2.232,-4.102
22370.0,-10.592,7.832,5.432,22370.0,6.354,-2.612,-4.27
22380.0,-11.18,8.146,5.576,22380.0,5.724,-3.088,-4.312
22390.0,-12.3,8.808,5.76,22390.0,5.184,-3.566,-4.054
22400.0,-13.288,9.634,5.426,22400.0,4.828,-3.772,-3.918
22410.0,-14.066,10.38,5.1,22410.0,4.238,-3.752,-3.944
22420.0,-14.824,11.12,5.376,22420.0,3.782,-3.558,-3.652
22430.0,-15.336,11.958,5.67,22430.0,3.94,-3.16,-3.206
22440.0,-15.458,12.414,5.764,22440.0,4.138,-2.846,-3.108
22450.0,-15.308,12.424,5.656,22450.0,4.538,-2.67,-2.972
22460.0,-15.232,12.266,5.168,22460.0,4.978,-2.738,-2.508
22470.0,-15.42,12.262,4.928,22470.0,4.886,-2.964,-2.152
22480.0,-15.656,12.684,4.8,22480.0,4.358,-3.168,-1.918
22490.0,-15.948,13.624,5.056,22490.0,3.484,-3.272,-1.802
22500.0,-15.784,14.894,5.492,22500.0,2.696,-3.304,-1.748
