49330.0,-1.736,-7.412,6.182,49330.0,-0.036,0.042,-0.072
49340.0,-1.652,-7.398,6.14,49340.0,-0.066,0.038,-0.074
49350.0,-1.562,-7.456,6.246,49350.0,-0.078,0.032,-0.08
49360.0,-1.51,-7.47,6.194,49360.0,-0.078,0.028,-0.09
49370.0,-1.538,-7.496,6.104,49370.0,-0.074,0.036,-0.1
49380.0,-1.608,-7.55,6.114,49380.0,-0.06,0.05,-0.108
49390.0,-1.668,-7.52,6.098,49390.0,-0.034,0.064,-0.12
49400.0,-1.716,-7.574,6.058,49400.0,-0.02,0.084,-0.124
49410.0,-1.678,-7.658,6.038,49410.0,-0.028,0.1,-0.126
49420.0,-1.646,-7.52,5.962,49420.0,-0.076,0.116,-0.104
49430.0,-1.606,-7.258,6.016,49430.0,-0.1,0.12,-0.068
49440.0,-1.534,-7.18,6.006,49440.0,-0.084,0.144,-0.038
49450.0,-1.56,-7.148,5.958,49450.0,-0.06,0.192,0.0
49460.0,-1.662,-7.214,5.952,49460.0,-0.084,0.268,0.038
49470.0,-1.716,-7.306,5.784,49470.0,-0.184,0.416,0.12
49480.0,-1.704,-7.366,5.826,49480.0,-0.398,0.556,0.3
49490.0,-1.686,-7.358,5.752,49490.0,-0.584,0.72,0.5
49500.0,-1.704,-7.382,5.736,49500.0,-0.856,0.934,0.642
49510.0,-1.732,-7.352,5.764,49510.0,-1.196,1.21,0.812
49520.0,-1.744,-7.334,5.78,49520.0,-1.46,1.416,0.986
49530.0,-1.696,-7.374,5.844,49530.0,-1.5,1.516,1.112
49540.0,-1.68,-7.398,5.77,49540.0,-1.116,1.654,1.206
49550.0,-1.674,-7.44,5.818,49550.0,-0.726,1.682,1.262
49560.0,-1.63,-7.554,5.8,49560.0,-0.48,1.674,1.376
49570.0,-1.594,-7.606,5.816,49570.0,-0.076,1.756,1.544
49580.0,-1.662,-7.512,5.874,49580.0,0.22,1.946,1.724
49590.0,-1.662,-7.414,5.966,49590.0,0.406,2.17,1.96
49600.0,-1.716,-7.424,5.834,49600.0,0.668,2.334,2.172
49610.0,-1.724,-7.62,5.862,49610.0,0.844,2.474,2.304
49620.0,-1.684,-7.842,5.974,49620.0,0.934,2.59,2.358
49630.0,-1.648,-7.924,6.142,49630.0,0.838,2.68,2.38
49640.0,-1.532,-8.09,6.608,49640.0,0.648,2.778,2.304
49650.0,-1.342,-8.13,7.222,49650.0,0.416,3.006,2.262
49660.0,-1.152,-8.286,7.334,49660.0,0.152,3.202,2.344
49670.0,-1.05,-9.012,7.82,49670.0,0.246,3.124,2.282
49680.0,-0.944,-9.306,8.294,49680.0,0.768,3.012,2.052
49690.0,-0.864,-8.556,9.042,49690.0,1.52,2.996,1.718
49700.0,-0.766,-8.14,8.49,49700.0,2.288,2.964,1.182
49710.0,-1.108,-8.6,7.682,49710.0,2.948,2.972,0.668
49720.0,-1.956,-9.492,8.472,49720.0,2.864,2.912,0.254
49730.0,-2.454,-9.654,6.838,49730.0,2.138,2.752,-0.192
49740.0,-2.96,-9.682,5.29,49740.0,1.116,2.106,-0.856
49750.0,-2.904,-9.866,5.948,49750.0,0.346,0.894,-1.86
49760.0,-2.57,-9.278,5.626,49760.0,-0.02,-0.382,-2.904
49770.0,-2.616,-8.492,5.294,49770.0,-0.148,-1.35,-4.276
49780.0,-3.008,-8.158,4.982,49780.0,0.24,-3.198,-5.514
49790.0,-4.012,-7.532,3.832,49790.0,-0.426,-5.856,-6.376
49800.0,-5.244,-6.91,3.27,49800.0,-1.31,-8.314,-7.002
49810.0,-6.11,-6.396,2.522,49810.0,-1.758,-10.144,-7.432
49820.0,-6.45,-5.888,2.242,49820.0,-1.26,-11.148,-7.956
49830.0,-6.196,-4.316,2.436,49830.0,-0.104,-11.338,-8.28
49840.0,-5.718,-3.166,1.78,49840.0,0.824,-10.656,-8.056
49850.0,-5.956,-4.46,0.52,49850.0,0.248,-11.194,-7.152
49860.0,-7.61,-5.138,-1.738,49860.0,1.392,-9.4,-4.106
49870.0,-9.202,-4.588,-2.934,49870.0,0.27,-5.34,-5.508
49880.0,-9.856,-3.55,-4.708,49880.0,-5.5,-2.342,-6.564
49890.0,-10.752,-1.096,-5.912,49890.0,-5.106,1.534,-3.484
49900.0,-11.99,2.152,-6.13,49900.0,-3.352,0.436,-1.32
49910.0,-13.058,4.976,-7.146,49910.0,2.402,-1.894,-2.074
49920.0,-14.414,7.566,-9.364,49920.0,3.918,-4.922,-2.418
49930.0,-16.228,10.444,-13.52,49930.0,1.414,-4.794,-0.224
49940.0,-18.354,15.124,-15.772,49940.0,-1.688,-2.842,0.996
49950.0,-16.974,18.974,-17.082,49950.0,-2.07,-0.826,0.848
49960.0,-14.226,22.032,-20.04,49960.0,-0.922,-1.368,0.664
49970.0,-16.414,23.438,-26.51,49970.0,-0.208,-1.934,0.72
49980.0,-17.01,17.712,-25.89,49980.0,0.46,-2.226,0.86
49990.0,-11.278,10.062,-22.414,49990.0,1.018,-2.1,0.91
50000.0,-3.832,3.228,-15.88,50000.0,1.174,-1.838,0.908
50010.0,2.238,-3.474,-7.662,50010.0,0.818,-1.388,0.94
50020.0,9.598,-12.96,0.438,50020.0,0.29,-0.902,0.822
50030.0,20.272,-24.572,9.338,50030.0,0.002,-0.468,0.56
50040.0,32.92,-30.676,9.082,50040.0,-0.134,-0.176,0.368
50050.0,37.47,-21.052,3.548,50050.0,-0.222,-0.022,0.316
50060.0,39.226,-12.54,21.778,50060.0,-0.354,0.03,0.29
50070.0,37.502,-19.156,32.202,50070.0,-0.558,0.092,0.252
50080.0,28.248,-14.776,10.282,50080.0,-0.72,0.138,0.188
50090.0,11.02,-8.502,-9.642,50090.0,-0.748,0.15,0.136
50100.0,-1.012,5.02,-29.996,50100.0,-0.59,0.166,0.122
50110.0,0.84,13.168,-19.094,50110.0,-0.294,0.29,0.1
50120.0,15.252,10.958,-7.41,50120.0,-0.04,0.554,-0.004
50130.0,24.02,7.464,0.86,50130.0,0.184,0.83,-0.136
50140.0,22.314,4.166,-1.264,50140.0,0.312,0.966,-0.196
50150.0,14.32,-4.014,-0.832,50150.0,0.324,1.054,-0.204
50160.0,11.444,-13.466,4.768,50160.0,0.29,1.064,-0.158
50170.0,13.606,-19.14,9.136,50170.0,0.402,1.066,-0.108
50180.0,16.162,-19.54,10.606,50180.0,0.55,1.06,-0.104
50190.0,16.982,-16.362,12.284,50190.0,0.508,1.088,-0.02
50200.0,16.29,-13.896,14.452,50200.0,0.55,1.114,0.054
50210.0,13.72,-12.652,16.008,50210.0,0.636,1.18,0.086
50220.0,10.406,-12.146,15.754,50220.0,0.624,1.286,0.15
50230.0,7.838,-12.296,15.208,50230.0,0.6,1.374,0.248
50240.0,6.19,-12.104,13.336,50240.0,0.518,1.484,0.41
50250.0,5.206,-10.942,10.872,50250.0,0.328,1.632,0.658
50260.0,4.792,-9.628,9.018,50260.0,0.08,1.802,0.916
50270.0,4.638,-8.898,7.632,50270.0,0.214,1.898,1.054
50280.0,4.498,-9.028,6.286,50280.0,0.606,2.014,1.082
50290.0,4.452,-9.512,5.554,50290.0,0.916,2.096,1.104
50300.0,4.85,-9.532,5.636,50300.0,1.142,2.118,1.118
50310.0,5.382,-8.88,5.306,50310.0,1.24,2.116,1.066
50320.0,5.316,-8.084,4.484,50320.0,1.162,2.122,0.982
50330.0,4.478,-8.132,4.212,50330.0,0.992,2.126,0.968
50340.0,3.464,-8.45,3.68,50340.0,0.772,2.072,1.05
50350.0,2.764,-9.054,3.442,50350.0,0.552,1.98,1.1
50360.0,2.544,-9.264,3.014,50360.0,0.36,1.908,1.046
50370.0,2.508,-8.784,2.312,50370.0,0.126,1.844,1.004
50380.0,3.004,-9.372,2.538,50380.0,-0.212,1.774,1.004
50390.0,3.404,-9.878,2.488,50390.0,-0.456,1.644,0.916
50400.0,3.864,-9.934,2.772,50400.0,-0.552,1.524,0.808
50410.0,4.39,-9.836,3.11,50410.0,-0.628,1.422,0.834
50420.0,4.696,-9.53,3.106,50420.0,-0.56,1.32,0.878
50430.0,5.22,-9.386,3.932,50430.0,-0.43,1.214,0.834
50440.0,5.856,-9.736,4.034,50440.0,-0.518,1.14,0.802
50450.0,6.0,-10.794,3.93,50450.0,-0.766,1.03,0.81
50460.0,5.668,-11.406,3.588,50460.0,-0.882,0.84,0.87
50470.0,5.32,-11.406,3.038,50470.0,-0.706,0.676,0.826
50480.0,5.008,-11.386,3.306,50480.0,-0.578,0.652,0.676
50490.0,4.682,-10.948,3.422,50490.0,-0.77,0.73,0.548
50500.0,4.5,-9.962,3.59,50500.0,-1.252,0.85,0.572
50510.0,4.512,-8.894,3.796,50510.0,-1.384,0.914,0.584
50520.0,4.528,-8.304,3.918,50520.0,-1.226,0.872,0.47
50530.0,4.398,-9.17,4.348,50530.0,-1.21,0.768,0.418
50540.0,4.086,-10.46,4.446,50540.0,-1.074,0.606,0.512
50550.0,3.85,-9.858,4.218,50550.0,-0.544,0.494,0.63
50560.0,3.504,-8.606,3.946,50560.0,-0.042,0.476,0.672
50570.0,2.812,-8.01,3.876,50570.0,0.15,0.548,0.686
