28070.0,-1.658,-9.322,-1.184,28070.0,-0.222,0.168,-0.28
28080.0,-1.66,-9.494,-1.356,28080.0,-0.176,0.02,-0.294
28090.0,-1.754,-9.428,-1.386,28090.0,-0.196,-0.03,-0.356
28100.0,-1.798,-9.292,-1.39,28100.0,-0.116,0.008,-0.368
28110.0,-1.86,-9.112,-1.368,28110.0,0.284,0.086,-0.28
28120.0,-1.916,-8.908,-1.33,28120.0,0.786,0.088,-0.17
28130.0,-1.956,-8.698,-1.254,28130.0,1.002,0.038,-0.092
28140.0,-2.0,-8.596,-1.21,28140.0,0.934,0.116,0.086
28150.0,-2.04,-8.57,-1.206,28150.0,0.638,0.354,0.394
28160.0,-2.132,-8.638,-1.234,28160.0,0.168,0.578,0.722
28170.0,-2.17,-8.848,-1.37,28170.0,-0.158,0.806,1.084
28180.0,-2.168,-9.1,-1.366,28180.0,0.01,1.032,1.45
28190.0,-2.172,-9.276,-1.272,28190.0,0.526,1.074,1.712
28200.0,-2.112,-9.398,-1.22,28200.0,1.188,0.958,1.922
28210.0,-2.156,-9.472,-1.262,28210.0,2.04,0.9,2.138
28220.0,-2.184,-9.43,-1.346,28220.0,2.716,0.982,2.28
28230.0,-2.078,-9.386,-1.156,28230.0,2.96,1.148,2.422
28240.0,-1.952,-9.494,-0.946,28240.0,2.986,1.356,2.646
28250.0,-1.98,-9.682,-0.984,28250.0,2.828,1.574,2.876
28260.0,-2.098,-9.598,-1.23,28260.0,2.634,1.854,3.06
28270.0,-2.222,-9.524,-1.692,28270.0,2.346,2.134,3.014
28280.0,-2.282,-9.442,-2.008,28280.0,2.088,2.294,2.716
28290.0,-2.298,-8.882,-2.334,28290.0,2.162,2.342,2.326
28300.0,-2.15,-9.258,-2.074,28300.0,2.288,2.294,2.03
28310.0,-1.934,-10.964,-1.194,28310.0,2.356,2.188,1.974
28320.0,-2.008,-12.35,-0.524,28320.0,2.292,2.004,2.012
28330.0,-2.148,-11.808,-0.834,28330.0,2.002,1.776,2.046
28340.0,-1.878,-10.04,-0.554,28340.0,1.634,1.6,2.032
28350.0,-1.098,-8.842,0.998,28350.0,1.32,1.48,1.942
28360.0,-0.398,-8.34,2.272,28360.0,1.14,1.394,1.79
28370.0,-0.318,-8.28,2.856,28370.0,0.944,1.37,1.586
28380.0,-0.756,-8.942,3.39,28380.0,0.59,1.506,1.464
28390.0,-1.546,-10.046,2.58,28390.0,0.068,1.61,1.476
28400.0,-2.734,-11.194,0.218,28400.0,-0.526,1.612,1.46
28410.0,-3.648,-12.386,-0.924,28410.0,-0.9,1.614,1.364
28420.0,-4.148,-12.274,-0.876,28420.0,-0.944,1.656,1.236
28430.0,-4.682,-10.594,-0.408,28430.0,-0.766,1.73,1.124
28440.0,-5.374,-8.728,0.352,28440.0,-0.428,1.692,0.92
28450.0,-6.162,-7.076,0.536,28450.0,0.046,1.688,0.46
28460.0,-7.04,-5.892,0.456,28460.0,0.496,1.448,-0.018
28470.0,-7.628,-5.496,-0.408,28470.0,0.534,0.626,-0.714
28480.0,-8.436,-5.718,-1.998,28480.0,-0.076,-0.598,-1.852
28490.0,-9.766,-6.566,-2.828,28490.0,-0.898,-2.212,-3.11
28500.0,-11.28,-7.166,-3.634,28500.0,-1.754,-4.41,-4.352
28510.0,-12.794,-7.41,-3.55,28510.0,-2.52,-6.402,-5.47
28520.0,-13.564,-7.278,-2.868,28520.0,-3.264,-8.076,-6.382
28530.0,-13.87,-6.266,-2.948,28530.0,-3.822,-9.346,-7.17
28540.0,-13.964,-5.284,-2.494,28540.0,-3.284,-9.67,-8.196
28550.0,-13.854,-4.868,-1.88,28550.0,-1.796,-8.838,-9.248
28560.0,-13.746,-5.084,-1.512,28560.0,0.368,-7.246,-10.138
28570.0,-13.718,-5.638,-1.298,28570.0,3.584,-5.964,-11.144
28580.0,-13.492,-6.156,-0.974,28580.0,-0.022,-5.124,-9.752
28590.0,-12.604,-6.246,-0.83,28590.0,-3.062,-3.3,-7.41
28600.0,-12.104,-5.86,-1.182,28600.0,-6.044,-2.674,-6.82
28610.0,-12.388,-5.254,-1.08,28610.0,-8.122,-2.936,-5.998
28620.0,-12.784,-4.732,-1.48,28620.0,-5.698,-3.06,-5.34
28630.0,-12.804,-4.5,-3.324,28630.0,-1.786,-4.336,-5.542
28640.0,-12.568,-4.854,-6.342,28640.0,1.226,-6.066,-5.078
28650.0,-12.304,-4.6,-10.53,28650.0,4.104,-6.68,-4.37
28660.0,-12.856,-2.106,-14.29,28660.0,6.51,-6.138,-4.284
28670.0,-13.522,1.522,-16.624,28670.0,7.46,-6.03,-4.648
28680.0,-14.746,5.158,-17.72,28680.0,5.67,-6.166,-4.364
28690.0,-14.872,7.862,-17.944,28690.0,2.094,-5.542,-3.438
28700.0,-12.56,9.374,-20.726,28700.0,-2.112,-4.646,-2.634
28710.0,-10.096,11.228,-21.392,28710.0,-4.886,-3.896,-2.214
28720.0,-5.346,10.218,-20.948,28720.0,-5.39,-3.016,-1.838
28730.0,0.336,5.572,-20.106,28730.0,-4.29,-2.176,-1.292
28740.0,6.066,-0.596,-13.976,28740.0,-1.972,-1.866,-0.954
28750.0,13.6,-4.324,-6.988,28750.0,0.364,-1.802,-0.88
28760.0,23.398,-7.118,-0.182,28760.0,1.658,-1.676,-0.632
28770.0,33.206,-8.104,-1.526,28770.0,1.946,-1.478,-0.19
28780.0,37.064,2.46,-13.468,28780.0,1.454,-1.26,0.14
28790.0,39.226,-2.394,27.634,28790.0,0.152,-0.982,0.344
28800.0,39.226,3.056,13.162,28800.0,-1.368,-0.67,0.548
28810.0,34.76,14.868,-7.642,28810.0,-2.672,-0.478,0.656
28820.0,27.57,5.308,-11.52,28820.0,-3.436,-0.432,0.634
28830.0,24.972,-0.936,-23.548,28830.0,-3.474,-0.356,0.588
28840.0,19.078,1.92,-33.972,28840.0,-2.816,-0.14,0.516
28850.0,21.104,-0.872,-35.97,28850.0,-1.724,0.14,0.362
28860.0,27.01,-4.79,-29.802,28860.0,-0.676,0.364,0.164
28870.0,29.098,-6.95,-18.208,28870.0,0.142,0.502,-0.012
28880.0,25.096,-4.104,-9.194,28880.0,0.73,0.614,-0.174
28890.0,23.03,-1.228,5.394,28890.0,1.104,0.76,-0.29
28900.0,25.198,1.226,17.554,28900.0,1.334,0.944,-0.324
28910.0,26.392,-1.15,22.366,28910.0,1.378,1.154,-0.288
28920.0,24.69,-10.57,18.744,28920.0,1.268,1.378,-0.206
28930.0,23.814,-22.068,12.13,28930.0,1.192,1.638,-0.122
28940.0,22.936,-30.42,8.086,28940.0,1.122,1.912,-0.038
28950.0,19.42,-32.848,6.11,28950.0,0.96,2.144,0.07
28960.0,15.33,-31.314,6.202,28960.0,0.748,2.328,0.208
28970.0,12.968,-27.814,7.536,28970.0,0.588,2.47,0.33
28980.0,11.526,-22.154,9.066,28980.0,0.44,2.58,0.414
28990.0,10.1,-15.534,9.87,28990.0,0.226,2.67,0.516
29000.0,9.024,-10.878,11.132,29000.0,0.034,2.754,0.658
29010.0,8.324,-8.474,10.984,29010.0,-0.092,2.846,0.83
29020.0,7.37,-7.582,8.178,29020.0,-0.21,2.892,1.0
29030.0,6.154,-8.044,5.038,29030.0,-0.34,2.898,1.132
29040.0,5.496,-9.692,2.444,29040.0,-0.54,2.944,1.248
29050.0,5.204,-11.062,0.894,29050.0,-0.794,3.044,1.362
29060.0,4.806,-10.91,-0.972,29060.0,-1.072,3.128,1.452
29070.0,4.308,-9.786,-2.726,29070.0,-1.368,3.14,1.51
29080.0,4.012,-8.502,-3.678,29080.0,-1.65,3.094,1.568
29090.0,3.928,-7.18,-3.972,29090.0,-1.844,3.012,1.65
29100.0,4.172,-6.036,-3.888,29100.0,-1.956,2.936,1.732
29110.0,4.708,-5.164,-3.86,29110.0,-1.932,2.882,1.788
29120.0,5.34,-4.74,-3.966,29120.0,-1.734,2.888,1.812
29130.0,5.842,-4.768,-3.69,29130.0,-1.498,2.922,1.774
29140.0,6.152,-4.804,-3.474,29140.0,-1.346,2.91,1.71
29150.0,6.308,-4.84,-3.506,29150.0,-1.316,2.816,1.684
29160.0,6.338,-4.81,-3.602,29160.0,-1.358,2.682,1.696
29170.0,6.35,-4.836,-3.696,29170.0,-1.346,2.562,1.692
29180.0,6.422,-4.87,-4.032,29180.0,-1.26,2.48,1.598
29190.0,6.562,-4.802,-4.464,29190.0,-1.204,2.418,1.404
29200.0,6.902,-4.886,-4.564,29200.0,-1.196,2.348,1.19
29210.0,7.388,-4.98,-4.526,29210.0,-1.21,2.23,0.996
29220.0,7.83,-5.322,-4.918,29220.0,-1.234,2.048,0.822
29230.0,8.188,-5.856,-5.504,29230.0,-1.268,1.838,0.762
29240.0,8.334,-5.844,-5.656,29240.0,-1.252,1.632,0.836
29250.0,8.502,-5.482,-5.226,29250.0,-1.182,1.43,0.926
29260.0,8.67,-5.268,-4.842,29260.0,-1.126,1.254,0.934
29270.0,8.6,-5.242,-5.072,29270.0,-1.132,1.112,0.872
29280.0,8.36,-5.128,-5.498,29280.0,-1.188,1.002,0.826
29290.0,8.136,-4.926,-5.552,29290.0,-1.26,0.888,0.842
29300.0,7.978,-4.96,-5.672,29300.0,-1.266,0.78,0.934
29310.0,7.896,-5.608,-5.946,29310.0,-1.196,0.688,1.104
